X,Y,Z,ROCK_TYPE,POROSITY,PERMEABILITY
25.0,25.0,25.0,unknown,0.0,0.0
25.0,25.0,75.0,unknown,0.0,0.0
25.0,25.0,125.0,unknown,0.0,0.0
25.0,25.0,175.0,unknown,0.0,0.0
25.0,75.0,25.0,unknown,0.0,0.0
25.0,75.0,75.0,unknown,0.0,0.0
25.0,75.0,125.0,unknown,0.0,0.0
25.0,75.0,175.0,unknown,0.0,0.0
25.0,125.0,25.0,unknown,0.0,0.0
25.0,125.0,75.0,unknown,0.0,0.0
25.0,125.0,125.0,unknown,0.0,0.0
25.0,125.0,175.0,unknown,0.0,0.0
25.0,175.0,25.0,unknown,0.0,0.0
25.0,175.0,75.0,unknown,0.0,0.0
25.0,175.0,125.0,unknown,0.0,0.0
25.0,175.0,175.0,unknown,0.0,0.0
25.0,225.0,25.0,unknown,0.0,0.0
25.0,225.0,75.0,unknown,0.0,0.0
25.0,225.0,125.0,unknown,0.0,0.0
25.0,225.0,175.0,unknown,0.0,0.0
25.0,275.0,25.0,unknown,0.0,0.0
25.0,275.0,75.0,unknown,0.0,0.0
25.0,275.0,125.0,unknown,0.0,0.0
25.0,275.0,175.0,unknown,0.0,0.0
25.0,325.0,25.0,unknown,0.0,0.0
25.0,325.0,75.0,unknown,0.0,0.0
25.0,325.0,125.0,unknown,0.0,0.0
25.0,325.0,175.0,unknown,0.0,0.0
25.0,375.0,25.0,unknown,0.0,0.0
25.0,375.0,75.0,unknown,0.0,0.0
25.0,375.0,125.0,unknown,0.0,0.0
25.0,375.0,175.0,unknown,0.0,0.0
25.0,425.0,25.0,unknown,0.0,0.0
25.0,425.0,75.0,unknown,0.0,0.0
25.0,425.0,125.0,unknown,0.0,0.0
25.0,425.0,175.0,unknown,0.0,0.0
25.0,475.0,25.0,unknown,0.0,0.0
25.0,475.0,75.0,unknown,0.0,0.0
25.0,475.0,125.0,unknown,0.0,0.0
25.0,475.0,175.0,unknown,0.0,0.0
25.0,525.0,25.0,unknown,0.0,0.0
25.0,525.0,75.0,unknown,0.0,0.0
25.0,525.0,125.0,unknown,0.0,0.0
25.0,525.0,175.0,unknown,0.0,0.0
25.0,575.0,25.0,unknown,0.0,0.0
25.0,575.0,75.0,unknown,0.0,0.0
25.0,575.0,125.0,unknown,0.0,0.0
25.0,575.0,175.0,unknown,0.0,0.0
25.0,625.0,25.0,unknown,0.0,0.0
25.0,625.0,75.0,unknown,0.0,0.0
25.0,625.0,125.0,unknown,0.0,0.0
25.0,625.0,175.0,unknown,0.0,0.0
25.0,675.0,25.0,unknown,0.0,0.0
25.0,675.0,75.0,unknown,0.0,0.0
25.0,675.0,125.0,unknown,0.0,0.0
25.0,675.0,175.0,unknown,0.0,0.0
25.0,725.0,25.0,unknown,0.0,0.0
25.0,725.0,75.0,unknown,0.0,0.0
25.0,725.0,125.0,unknown,0.0,0.0
25.0,725.0,175.0,unknown,0.0,0.0
25.0,775.0,25.0,unknown,0.0,0.0
25.0,775.0,75.0,unknown,0.0,0.0
25.0,775.0,125.0,unknown,0.0,0.0
25.0,775.0,175.0,unknown,0.0,0.0
25.0,825.0,25.0,unknown,0.0,0.0
25.0,825.0,75.0,unknown,0.0,0.0
25.0,825.0,125.0,unknown,0.0,0.0
25.0,825.0,175.0,unknown,0.0,0.0
25.0,875.0,25.0,unknown,0.0,0.0
25.0,875.0,75.0,unknown,0.0,0.0
25.0,875.0,125.0,unknown,0.0,0.0
25.0,875.0,175.0,unknown,0.0,0.0
25.0,925.0,25.0,unknown,0.0,0.0
25.0,925.0,75.0,unknown,0.0,0.0
25.0,925.0,125.0,unknown,0.0,0.0
25.0,925.0,175.0,unknown,0.0,0.0
25.0,975.0,25.0,unknown,0.0,0.0
25.0,975.0,75.0,unknown,0.0,0.0
25.0,975.0,125.0,unknown,0.0,0.0
25.0,975.0,175.0,unknown,0.0,0.0
75.0,25.0,25.0,unknown,0.0,0.0
75.0,25.0,75.0,unknown,0.0,0.0
75.0,25.0,125.0,unknown,0.0,0.0
75.0,25.0,175.0,unknown,0.0,0.0
75.0,75.0,25.0,unknown,0.0,0.0
75.0,75.0,75.0,unknown,0.0,0.0
75.0,75.0,125.0,basalt,5.523049e-06,1.8533451e-17
75.0,75.0,175.0,basalt,2.5200627e-05,8.4564626e-17
75.0,125.0,25.0,unknown,0.0,0.0
75.0,125.0,75.0,unknown,0.0,0.0
75.0,125.0,125.0,basalt,5.2650612e-05,1.7667732e-16
75.0,125.0,175.0,basalt,0.00024023476,8.061452e-16
75.0,175.0,25.0,unknown,0.0,0.0
75.0,175.0,75.0,unknown,0.0,0.0
75.0,175.0,125.0,basalt,0.034389812,4.602704e-14
75.0,175.0,175.0,basalt,0.00014089768,4.7280416e-16
75.0,225.0,25.0,unknown,0.0,0.0
75.0,225.0,75.0,basalt,0.0043907478,2.8682666e-15
75.0,225.0,125.0,basalt,0.023747846,3.0022964e-14
75.0,225.0,175.0,unknown,0.0,0.0
75.0,275.0,25.0,unknown,0.0,0.0
75.0,275.0,75.0,basalt,0.024378538,2.6574064e-13
75.0,275.0,125.0,basalt,0.0485266,1.0071195e-11
75.0,275.0,175.0,unknown,0.0,0.0
75.0,325.0,25.0,unknown,0.0,0.0
75.0,325.0,75.0,limestone,0.0018597681,2.2474627e-14
75.0,325.0,125.0,sandstone,0.014506061,3.1360147e-12
75.0,325.0,175.0,unknown,0.0,0.0
75.0,375.0,25.0,unknown,0.0,0.0
75.0,375.0,75.0,unknown,0.0,0.0
75.0,375.0,125.0,unknown,0.0,0.0
75.0,375.0,175.0,unknown,0.0,0.0
75.0,425.0,25.0,unknown,0.0,0.0
75.0,425.0,75.0,unknown,0.0,0.0
75.0,425.0,125.0,unknown,0.0,0.0
75.0,425.0,175.0,unknown,0.0,0.0
75.0,475.0,25.0,unknown,0.0,0.0
75.0,475.0,75.0,unknown,0.0,0.0
75.0,475.0,125.0,unknown,0.0,0.0
75.0,475.0,175.0,unknown,0.0,0.0
75.0,525.0,25.0,unknown,0.0,0.0
75.0,525.0,75.0,unknown,0.0,0.0
75.0,525.0,125.0,unknown,0.0,0.0
75.0,525.0,175.0,unknown,0.0,0.0
75.0,575.0,25.0,unknown,0.0,0.0
75.0,575.0,75.0,unknown,0.0,0.0
75.0,575.0,125.0,unknown,0.0,0.0
75.0,575.0,175.0,unknown,0.0,0.0
75.0,625.0,25.0,unknown,0.0,0.0
75.0,625.0,75.0,unknown,0.0,0.0
75.0,625.0,125.0,unknown,0.0,0.0
75.0,625.0,175.0,unknown,0.0,0.0
75.0,675.0,25.0,unknown,0.0,0.0
75.0,675.0,75.0,unknown,0.0,0.0
75.0,675.0,125.0,unknown,0.0,0.0
75.0,675.0,175.0,unknown,0.0,0.0
75.0,725.0,25.0,basalt,0.0035629813,1.0686386e-14
75.0,725.0,75.0,unknown,0.0,0.0
75.0,725.0,125.0,unknown,0.0,0.0
75.0,725.0,175.0,unknown,0.0,0.0
75.0,775.0,25.0,unknown,0.0,0.0
75.0,775.0,75.0,unknown,0.0,0.0
75.0,775.0,125.0,unknown,0.0,0.0
75.0,775.0,175.0,unknown,0.0,0.0
75.0,825.0,25.0,unknown,0.0,0.0
75.0,825.0,75.0,unknown,0.0,0.0
75.0,825.0,125.0,unknown,0.0,0.0
75.0,825.0,175.0,unknown,0.0,0.0
75.0,875.0,25.0,unknown,0.0,0.0
75.0,875.0,75.0,unknown,0.0,0.0
75.0,875.0,125.0,unknown,0.0,0.0
75.0,875.0,175.0,unknown,0.0,0.0
75.0,925.0,25.0,unknown,0.0,0.0
75.0,925.0,75.0,unknown,0.0,0.0
75.0,925.0,125.0,unknown,0.0,0.0
75.0,925.0,175.0,unknown,0.0,0.0
75.0,975.0,25.0,unknown,0.0,0.0
75.0,975.0,75.0,unknown,0.0,0.0
75.0,975.0,125.0,unknown,0.0,0.0
75.0,975.0,175.0,unknown,0.0,0.0
125.0,25.0,25.0,unknown,0.0,0.0
125.0,25.0,75.0,unknown,0.0,0.0
125.0,25.0,125.0,unknown,0.0,0.0
125.0,25.0,175.0,unknown,0.0,0.0
125.0,75.0,25.0,unknown,0.0,0.0
125.0,75.0,75.0,unknown,0.0,0.0
125.0,75.0,125.0,basalt,0.00040610656,1.3627538e-15
125.0,75.0,175.0,basalt,0.0018529872,6.2179876e-15
125.0,125.0,25.0,unknown,0.0,0.0
125.0,125.0,75.0,limestone,0.009436221,4.2928744e-13
125.0,125.0,125.0,limestone,0.09825758,4.390808e-12
125.0,125.0,175.0,basalt,0.01766432,5.927538e-14
125.0,175.0,25.0,unknown,0.0,0.0
125.0,175.0,75.0,limestone,0.007607042,3.4607153e-13
125.0,175.0,125.0,limestone,0.10798726,4.759068e-12
125.0,175.0,175.0,basalt,0.010360124,3.476501e-14
125.0,225.0,25.0,unknown,0.0,0.0
125.0,225.0,75.0,unknown,0.0,0.0
125.0,225.0,125.0,basalt,0.009648567,1.2909596e-14
125.0,225.0,175.0,unknown,0.0,0.0
125.0,275.0,25.0,unknown,0.0,0.0
125.0,275.0,75.0,limestone,0.01635327,1.9762337e-13
125.0,275.0,125.0,sandstone,0.008191848,1.7709672e-12
125.0,275.0,175.0,unknown,0.0,0.0
125.0,325.0,25.0,unknown,0.0,0.0
125.0,325.0,75.0,limestone,0.025933094,3.133921e-13
125.0,325.0,125.0,sandstone,0.029604206,6.40003e-12
125.0,325.0,175.0,unknown,0.0,0.0
125.0,375.0,25.0,unknown,0.0,0.0
125.0,375.0,75.0,sandstone,0.0014553708,9.488472e-13
125.0,375.0,125.0,sandstone,0.00021249091,1.3853611e-13
125.0,375.0,175.0,unknown,0.0,0.0
125.0,425.0,25.0,unknown,0.0,0.0
125.0,425.0,75.0,sandstone,0.0598918,3.9047213e-11
125.0,425.0,125.0,sandstone,0.008744482,5.701075e-12
125.0,425.0,175.0,unknown,0.0,0.0
125.0,475.0,25.0,unknown,0.0,0.0
125.0,475.0,75.0,sandstone,0.032479323,2.1175303e-11
125.0,475.0,125.0,sandstone,0.0047421325,3.091693e-12
125.0,475.0,175.0,unknown,0.0,0.0
125.0,525.0,25.0,unknown,0.0,0.0
125.0,525.0,75.0,unknown,0.0,0.0
125.0,525.0,125.0,unknown,0.0,0.0
125.0,525.0,175.0,unknown,0.0,0.0
125.0,575.0,25.0,unknown,0.0,0.0
125.0,575.0,75.0,unknown,0.0,0.0
125.0,575.0,125.0,unknown,0.0,0.0
125.0,575.0,175.0,unknown,0.0,0.0
125.0,625.0,25.0,unknown,0.0,0.0
125.0,625.0,75.0,unknown,0.0,0.0
125.0,625.0,125.0,unknown,0.0,0.0
125.0,625.0,175.0,unknown,0.0,0.0
125.0,675.0,25.0,unknown,0.0,0.0
125.0,675.0,75.0,unknown,0.0,0.0
125.0,675.0,125.0,unknown,0.0,0.0
125.0,675.0,175.0,unknown,0.0,0.0
125.0,725.0,25.0,basalt,0.004504045,1.35089016e-14
125.0,725.0,75.0,unknown,0.0,0.0
125.0,725.0,125.0,unknown,0.0,0.0
125.0,725.0,175.0,unknown,0.0,0.0
125.0,775.0,25.0,unknown,0.0,0.0
125.0,775.0,75.0,granite,9.540812e-05,5.2084906e-19
125.0,775.0,125.0,granite,7.5886055e-05,4.1427485e-19
125.0,775.0,175.0,unknown,0.0,0.0
125.0,825.0,25.0,unknown,0.0,0.0
125.0,825.0,75.0,granite,0.014677499,4.2699373e-16
125.0,825.0,125.0,granite,0.013720023,6.038926e-16
125.0,825.0,175.0,unknown,0.0,0.0
125.0,875.0,25.0,unknown,0.0,0.0
125.0,875.0,75.0,basalt,0.008088841,3.2281694e-15
125.0,875.0,125.0,basalt,0.0073255035,4.1045887e-15
125.0,875.0,175.0,unknown,0.0,0.0
125.0,925.0,25.0,unknown,0.0,0.0
125.0,925.0,75.0,unknown,0.0,0.0
125.0,925.0,125.0,basalt,0.005785777,7.357529e-17
125.0,925.0,175.0,basalt,0.0066581555,8.4668963e-17
125.0,975.0,25.0,unknown,0.0,0.0
125.0,975.0,75.0,unknown,0.0,0.0
125.0,975.0,125.0,basalt,0.0017485749,2.223589e-17
125.0,975.0,175.0,basalt,0.0020122249,2.5588616e-17
175.0,25.0,25.0,unknown,0.0,0.0
175.0,25.0,75.0,unknown,0.0,0.0
175.0,25.0,125.0,unknown,0.0,0.0
175.0,25.0,175.0,unknown,0.0,0.0
175.0,75.0,25.0,unknown,0.0,0.0
175.0,75.0,75.0,shale,0.0184181,1.5949703e-16
175.0,75.0,125.0,basalt,0.00014311195,4.8023444e-16
175.0,75.0,175.0,basalt,0.0006529927,2.1912188e-15
175.0,125.0,25.0,unknown,0.0,0.0
175.0,125.0,75.0,limestone,0.04266847,3.9453006e-13
175.0,125.0,125.0,limestone,0.12786031,5.4901704e-12
175.0,125.0,175.0,basalt,0.0062249065,2.0888644e-14
175.0,175.0,25.0,unknown,0.0,0.0
175.0,175.0,75.0,limestone,0.011087359,5.044036e-13
175.0,175.0,125.0,shale,0.067875646,2.006042e-12
175.0,175.0,175.0,basalt,0.0036509077,1.225119e-14
175.0,225.0,25.0,unknown,0.0,0.0
175.0,225.0,75.0,granite,0.00013101427,9.871289e-21
175.0,225.0,125.0,basalt,0.023888346,3.6589198e-14
175.0,225.0,175.0,limestone,0.0006011889,2.3717864e-14
175.0,275.0,25.0,unknown,0.0,0.0
175.0,275.0,75.0,granite,0.002014994,1.5182002e-19
175.0,275.0,125.0,sandstone,0.002677096,5.7875205e-13
175.0,275.0,175.0,limestone,0.0046316558,1.8272623e-13
175.0,325.0,25.0,unknown,0.0,0.0
175.0,325.0,75.0,unknown,0.0,0.0
175.0,325.0,125.0,shale,0.050945748,7.902454e-13
175.0,325.0,175.0,shale,0.042274725,5.77447e-14
175.0,375.0,25.0,unknown,0.0,0.0
175.0,375.0,75.0,sandstone,0.0005591096,3.6451856e-13
175.0,375.0,125.0,sandstone,8.163261e-05,5.3221404e-14
175.0,375.0,175.0,unknown,0.0,0.0
175.0,425.0,25.0,unknown,0.0,0.0
175.0,425.0,75.0,sandstone,0.023008626,1.5000763e-11
175.0,425.0,125.0,sandstone,0.0033593664,2.1901812e-12
175.0,425.0,175.0,unknown,0.0,0.0
175.0,475.0,25.0,granite,0.0010281499,5.759696e-18
175.0,475.0,75.0,sandstone,0.012994716,5.362558e-12
175.0,475.0,125.0,sandstone,0.0018217844,1.1877353e-12
175.0,475.0,175.0,unknown,0.0,0.0
175.0,525.0,25.0,unknown,0.0,0.0
175.0,525.0,75.0,unknown,0.0,0.0
175.0,525.0,125.0,unknown,0.0,0.0
175.0,525.0,175.0,unknown,0.0,0.0
175.0,575.0,25.0,unknown,0.0,0.0
175.0,575.0,75.0,unknown,0.0,0.0
175.0,575.0,125.0,unknown,0.0,0.0
175.0,575.0,175.0,unknown,0.0,0.0
175.0,625.0,25.0,unknown,0.0,0.0
175.0,625.0,75.0,unknown,0.0,0.0
175.0,625.0,125.0,unknown,0.0,0.0
175.0,625.0,175.0,unknown,0.0,0.0
175.0,675.0,25.0,unknown,0.0,0.0
175.0,675.0,75.0,unknown,0.0,0.0
175.0,675.0,125.0,unknown,0.0,0.0
175.0,675.0,175.0,unknown,0.0,0.0
175.0,725.0,25.0,unknown,0.0,0.0
175.0,725.0,75.0,unknown,0.0,0.0
175.0,725.0,125.0,unknown,0.0,0.0
175.0,725.0,175.0,unknown,0.0,0.0
175.0,775.0,25.0,unknown,0.0,0.0
175.0,775.0,75.0,granite,0.00015260416,8.330919e-19
175.0,775.0,125.0,granite,0.00012137885,6.626277e-19
175.0,775.0,175.0,unknown,0.0,0.0
175.0,825.0,25.0,unknown,0.0,0.0
175.0,825.0,75.0,granite,0.014370873,9.019198e-16
175.0,825.0,125.0,granite,0.013433588,1.3114543e-15
175.0,825.0,175.0,unknown,0.0,0.0
175.0,875.0,25.0,unknown,0.0,0.0
175.0,875.0,75.0,basalt,0.009648027,6.8476816e-15
175.0,875.0,125.0,basalt,0.009581355,8.589349e-15
175.0,875.0,175.0,unknown,0.0,0.0
175.0,925.0,25.0,unknown,0.0,0.0
175.0,925.0,75.0,unknown,0.0,0.0
175.0,925.0,125.0,basalt,0.012717865,1.6172775e-16
175.0,925.0,175.0,basalt,0.014635463,1.8611303e-16
175.0,975.0,25.0,unknown,0.0,0.0
175.0,975.0,75.0,unknown,0.0,0.0
175.0,975.0,125.0,basalt,0.0038435876,4.8877285e-17
175.0,975.0,175.0,basalt,0.0044231233,5.6247e-17
225.0,25.0,25.0,unknown,0.0,0.0
225.0,25.0,75.0,unknown,0.0,0.0
225.0,25.0,125.0,unknown,0.0,0.0
225.0,25.0,175.0,unknown,0.0,0.0
225.0,75.0,25.0,unknown,0.0,0.0
225.0,75.0,75.0,shale,0.006241796,5.4052696e-17
225.0,75.0,125.0,sandstone,0.048802186,6.8813076e-12
225.0,75.0,175.0,unknown,0.0,0.0
225.0,125.0,25.0,unknown,0.0,0.0
225.0,125.0,75.0,shale,0.0013415121,1.1617224e-17
225.0,125.0,125.0,sandstone,0.07228649,9.834181e-12
225.0,125.0,175.0,unknown,0.0,0.0
225.0,175.0,25.0,unknown,0.0,0.0
225.0,175.0,75.0,unknown,0.0,0.0
225.0,175.0,125.0,shale,0.029182322,3.257592e-13
225.0,175.0,175.0,unknown,0.0,0.0
225.0,225.0,25.0,sandstone,0.017248936,5.731305e-12
225.0,225.0,75.0,granite,0.065893225,2.1748043e-11
225.0,225.0,125.0,basalt,0.012048704,1.849265e-14
225.0,225.0,175.0,limestone,0.008854034,3.4930582e-13
225.0,275.0,25.0,sandstone,0.02337527,7.766903e-12
225.0,275.0,75.0,granite,0.017496243,2.6737987e-12
225.0,275.0,125.0,unknown,0.0,0.0
225.0,275.0,175.0,limestone,0.0682129,2.691108e-12
225.0,325.0,25.0,unknown,0.0,0.0
225.0,325.0,75.0,unknown,0.0,0.0
225.0,325.0,125.0,shale,0.010656462,1.322608e-16
225.0,325.0,175.0,limestone,0.048276883,1.6937526e-12
225.0,375.0,25.0,unknown,0.0,0.0
225.0,375.0,75.0,unknown,0.0,0.0
225.0,375.0,125.0,unknown,0.0,0.0
225.0,375.0,175.0,unknown,0.0,0.0
225.0,425.0,25.0,granite,0.000686374,8.841398e-19
225.0,425.0,75.0,granite,0.013472541,1.73544e-17
225.0,425.0,125.0,unknown,0.0,0.0
225.0,425.0,175.0,unknown,0.0,0.0
225.0,475.0,25.0,granite,0.0010031871,5.619855e-18
225.0,475.0,75.0,granite,0.0007856285,4.4010914e-18
225.0,475.0,125.0,unknown,0.0,0.0
225.0,475.0,175.0,unknown,0.0,0.0
225.0,525.0,25.0,unknown,0.0,0.0
225.0,525.0,75.0,unknown,0.0,0.0
225.0,525.0,125.0,unknown,0.0,0.0
225.0,525.0,175.0,unknown,0.0,0.0
225.0,575.0,25.0,unknown,0.0,0.0
225.0,575.0,75.0,unknown,0.0,0.0
225.0,575.0,125.0,unknown,0.0,0.0
225.0,575.0,175.0,unknown,0.0,0.0
225.0,625.0,25.0,unknown,0.0,0.0
225.0,625.0,75.0,unknown,0.0,0.0
225.0,625.0,125.0,unknown,0.0,0.0
225.0,625.0,175.0,unknown,0.0,0.0
225.0,675.0,25.0,unknown,0.0,0.0
225.0,675.0,75.0,unknown,0.0,0.0
225.0,675.0,125.0,unknown,0.0,0.0
225.0,675.0,175.0,unknown,0.0,0.0
225.0,725.0,25.0,unknown,0.0,0.0
225.0,725.0,75.0,unknown,0.0,0.0
225.0,725.0,125.0,unknown,0.0,0.0
225.0,725.0,175.0,unknown,0.0,0.0
225.0,775.0,25.0,unknown,0.0,0.0
225.0,775.0,75.0,granite,2.6125832e-05,1.4262534e-19
225.0,775.0,125.0,granite,2.078006e-05,1.1344186e-19
225.0,775.0,175.0,unknown,0.0,0.0
225.0,825.0,25.0,unknown,0.0,0.0
225.0,825.0,75.0,granite,0.0009712205,5.3020573e-18
225.0,825.0,125.0,granite,0.0007724929,4.2171694e-18
225.0,825.0,175.0,unknown,0.0,0.0
225.0,875.0,25.0,unknown,0.0,0.0
225.0,875.0,75.0,granite,0.000283305,1.5466101e-18
225.0,875.0,125.0,granite,0.00022533619,1.2301484e-18
225.0,875.0,175.0,unknown,0.0,0.0
225.0,925.0,25.0,unknown,0.0,0.0
225.0,925.0,75.0,unknown,0.0,0.0
225.0,925.0,125.0,unknown,0.0,0.0
225.0,925.0,175.0,unknown,0.0,0.0
225.0,975.0,25.0,unknown,0.0,0.0
225.0,975.0,75.0,unknown,0.0,0.0
225.0,975.0,125.0,unknown,0.0,0.0
225.0,975.0,175.0,unknown,0.0,0.0
275.0,25.0,25.0,unknown,0.0,0.0
275.0,25.0,75.0,unknown,0.0,0.0
275.0,25.0,125.0,unknown,0.0,0.0
275.0,25.0,175.0,unknown,0.0,0.0
275.0,75.0,25.0,unknown,0.0,0.0
275.0,75.0,75.0,unknown,0.0,0.0
275.0,75.0,125.0,sandstone,0.04042013,5.6994036e-12
275.0,75.0,175.0,unknown,0.0,0.0
275.0,125.0,25.0,shale,0.0006333582,6.8301077e-18
275.0,125.0,75.0,shale,0.0007855403,8.4712336e-18
275.0,125.0,125.0,sandstone,0.06252147,8.815783e-12
275.0,125.0,175.0,unknown,0.0,0.0
275.0,175.0,25.0,unknown,0.0,0.0
275.0,175.0,75.0,unknown,0.0,0.0
275.0,175.0,125.0,sandstone,0.01263559,1.7816698e-12
275.0,175.0,175.0,unknown,0.0,0.0
275.0,225.0,25.0,unknown,0.0,0.0
275.0,225.0,75.0,granite,5.3082815e-05,3.9995326e-21
275.0,225.0,125.0,unknown,0.0,0.0
275.0,225.0,175.0,limestone,0.0065652663,2.5901026e-13
275.0,275.0,25.0,unknown,0.0,0.0
275.0,275.0,75.0,granite,0.00081641146,6.1512646e-20
275.0,275.0,125.0,unknown,0.0,0.0
275.0,275.0,175.0,limestone,0.050579865,1.9954565e-12
275.0,325.0,25.0,unknown,0.0,0.0
275.0,325.0,75.0,unknown,0.0,0.0
275.0,325.0,125.0,unknown,0.0,0.0
275.0,325.0,175.0,limestone,0.034242567,1.3509241e-12
275.0,375.0,25.0,shale,0.0012470582,1.7215126e-17
275.0,375.0,75.0,shale,0.002016822,2.78414e-17
275.0,375.0,125.0,unknown,0.0,0.0
275.0,375.0,175.0,unknown,0.0,0.0
275.0,425.0,25.0,shale,0.048833255,6.73633e-16
275.0,425.0,75.0,granite,0.027927427,3.2943793e-16
275.0,425.0,125.0,unknown,0.0,0.0
275.0,425.0,175.0,unknown,0.0,0.0
275.0,475.0,25.0,unknown,0.0,0.0
275.0,475.0,75.0,unknown,0.0,0.0
275.0,475.0,125.0,unknown,0.0,0.0
275.0,475.0,175.0,unknown,0.0,0.0
275.0,525.0,25.0,unknown,0.0,0.0
275.0,525.0,75.0,unknown,0.0,0.0
275.0,525.0,125.0,unknown,0.0,0.0
275.0,525.0,175.0,unknown,0.0,0.0
275.0,575.0,25.0,shale,0.0016404038,1.2787467e-17
275.0,575.0,75.0,shale,0.00015492392,1.207681e-18
275.0,575.0,125.0,unknown,0.0,0.0
275.0,575.0,175.0,unknown,0.0,0.0
275.0,625.0,25.0,shale,0.06407827,4.995104e-16
275.0,625.0,75.0,shale,0.0060517155,4.717504e-17
275.0,625.0,125.0,unknown,0.0,0.0
275.0,625.0,175.0,unknown,0.0,0.0
275.0,675.0,25.0,shale,0.0064334585,5.015085e-17
275.0,675.0,75.0,shale,0.0006075922,4.7363737e-18
275.0,675.0,125.0,unknown,0.0,0.0
275.0,675.0,175.0,unknown,0.0,0.0
275.0,725.0,25.0,unknown,0.0,0.0
275.0,725.0,75.0,unknown,0.0,0.0
275.0,725.0,125.0,unknown,0.0,0.0
275.0,725.0,175.0,unknown,0.0,0.0
275.0,775.0,25.0,sandstone,0.0035856206,2.2364567e-12
275.0,775.0,75.0,unknown,0.0,0.0
275.0,775.0,125.0,unknown,0.0,0.0
275.0,775.0,175.0,unknown,0.0,0.0
275.0,825.0,25.0,sandstone,0.043514814,2.7141464e-11
275.0,825.0,75.0,limestone,0.0017397411,2.1407424e-15
275.0,825.0,125.0,limestone,0.03132723,2.5154496e-13
275.0,825.0,175.0,limestone,0.009843175,1.3738854e-13
275.0,875.0,25.0,sandstone,0.0045429463,2.8335689e-12
275.0,875.0,75.0,limestone,0.0011461631,1.4103478e-15
275.0,875.0,125.0,limestone,0.048123665,6.179838e-13
275.0,875.0,175.0,limestone,0.05412394,2.6295023e-12
275.0,925.0,25.0,unknown,0.0,0.0
275.0,925.0,75.0,unknown,0.0,0.0
275.0,925.0,125.0,sandstone,0.011062598,5.4969717e-13
275.0,925.0,175.0,sandstone,0.021869354,1.0866816e-12
275.0,975.0,25.0,unknown,0.0,0.0
275.0,975.0,75.0,unknown,0.0,0.0
275.0,975.0,125.0,sandstone,0.0049084746,2.4390063e-13
275.0,975.0,175.0,sandstone,0.009703432,4.8216064e-13
325.0,25.0,25.0,unknown,0.0,0.0
325.0,25.0,75.0,unknown,0.0,0.0
325.0,25.0,125.0,unknown,0.0,0.0
325.0,25.0,175.0,unknown,0.0,0.0
325.0,75.0,25.0,unknown,0.0,0.0
325.0,75.0,75.0,unknown,0.0,0.0
325.0,75.0,125.0,unknown,0.0,0.0
325.0,75.0,175.0,unknown,0.0,0.0
325.0,125.0,25.0,shale,0.0043205963,4.659313e-17
325.0,125.0,75.0,shale,0.0053587416,5.7788446e-17
325.0,125.0,125.0,unknown,0.0,0.0
325.0,125.0,175.0,unknown,0.0,0.0
325.0,175.0,25.0,unknown,0.0,0.0
325.0,175.0,75.0,unknown,0.0,0.0
325.0,175.0,125.0,unknown,0.0,0.0
325.0,175.0,175.0,unknown,0.0,0.0
325.0,225.0,25.0,unknown,0.0,0.0
325.0,225.0,75.0,unknown,0.0,0.0
325.0,225.0,125.0,unknown,0.0,0.0
325.0,225.0,175.0,unknown,0.0,0.0
325.0,275.0,25.0,unknown,0.0,0.0
325.0,275.0,75.0,unknown,0.0,0.0
325.0,275.0,125.0,unknown,0.0,0.0
325.0,275.0,175.0,unknown,0.0,0.0
325.0,325.0,25.0,unknown,0.0,0.0
325.0,325.0,75.0,unknown,0.0,0.0
325.0,325.0,125.0,unknown,0.0,0.0
325.0,325.0,175.0,unknown,0.0,0.0
325.0,375.0,25.0,shale,0.0028668004,3.9575e-17
325.0,375.0,75.0,shale,0.0046363724,6.400322e-17
325.0,375.0,125.0,unknown,0.0,0.0
325.0,375.0,175.0,unknown,0.0,0.0
325.0,425.0,25.0,shale,0.01027801,1.4188371e-16
325.0,425.0,75.0,shale,0.016622255,2.294634e-16
325.0,425.0,125.0,unknown,0.0,0.0
325.0,425.0,175.0,limestone,0.046134096,1.1481994e-13
325.0,475.0,25.0,unknown,0.0,0.0
325.0,475.0,75.0,shale,0.015735202,1.2619797e-16
325.0,475.0,125.0,unknown,0.0,0.0
325.0,475.0,175.0,limestone,0.096696906,2.406622e-13
325.0,525.0,25.0,unknown,0.0,0.0
325.0,525.0,75.0,shale,0.0048451503,3.8858613e-17
325.0,525.0,125.0,unknown,0.0,0.0
325.0,525.0,175.0,limestone,0.04876425,1.2136596e-13
325.0,575.0,25.0,shale,0.0007719806,6.0178337e-18
325.0,575.0,75.0,shale,7.290782e-05,5.6833957e-19
325.0,575.0,125.0,unknown,0.0,0.0
325.0,575.0,175.0,unknown,0.0,0.0
325.0,625.0,25.0,shale,0.030155493,2.3507163e-16
325.0,625.0,75.0,shale,0.0028479616,2.2200763e-17
325.0,625.0,125.0,unknown,0.0,0.0
325.0,625.0,175.0,unknown,0.0,0.0
325.0,675.0,25.0,shale,0.006752026,1.4424754e-12
325.0,675.0,75.0,sandstone,0.24103117,9.2210184e-11
325.0,675.0,125.0,unknown,0.0,0.0
325.0,675.0,175.0,unknown,0.0,0.0
325.0,725.0,25.0,unknown,0.0,0.0
325.0,725.0,75.0,unknown,0.0,0.0
325.0,725.0,125.0,unknown,0.0,0.0
325.0,725.0,175.0,unknown,0.0,0.0
325.0,775.0,25.0,unknown,0.0,0.0
325.0,775.0,75.0,unknown,0.0,0.0
325.0,775.0,125.0,unknown,0.0,0.0
325.0,775.0,175.0,basalt,0.002333304,1.1467595e-16
325.0,825.0,25.0,granite,0.00028230468,7.803191e-18
325.0,825.0,75.0,granite,0.033405144,4.0447483e-14
325.0,825.0,125.0,limestone,0.07554495,1.9485748e-13
325.0,825.0,175.0,basalt,0.050025165,2.2159593e-14
325.0,875.0,25.0,granite,0.00014879467,4.1128375e-18
325.0,875.0,75.0,granite,0.038537495,4.709735e-14
325.0,875.0,125.0,limestone,0.10337866,8.4494434e-13
325.0,875.0,175.0,basalt,0.077859156,1.6563563e-12
325.0,925.0,25.0,unknown,0.0,0.0
325.0,925.0,75.0,unknown,0.0,0.0
325.0,925.0,125.0,sandstone,0.062219333,3.09166e-12
325.0,925.0,175.0,sandstone,0.122999735,6.11182e-12
325.0,975.0,25.0,unknown,0.0,0.0
325.0,975.0,75.0,unknown,0.0,0.0
325.0,975.0,125.0,sandstone,0.027606718,1.3717696e-12
325.0,975.0,175.0,sandstone,0.05457498,2.7118145e-12
375.0,25.0,25.0,unknown,0.0,0.0
375.0,25.0,75.0,unknown,0.0,0.0
375.0,25.0,125.0,unknown,0.0,0.0
375.0,25.0,175.0,unknown,0.0,0.0
375.0,75.0,25.0,unknown,0.0,0.0
375.0,75.0,75.0,unknown,0.0,0.0
375.0,75.0,125.0,unknown,0.0,0.0
375.0,75.0,175.0,granite,0.0019034847,8.5435515e-18
375.0,125.0,25.0,unknown,0.0,0.0
375.0,125.0,75.0,unknown,0.0,0.0
375.0,125.0,125.0,unknown,0.0,0.0
375.0,125.0,175.0,granite,0.0031535344,1.4154243e-17
375.0,175.0,25.0,unknown,0.0,0.0
375.0,175.0,75.0,limestone,0.009927008,1.2575432e-13
375.0,175.0,125.0,unknown,0.0,0.0
375.0,175.0,175.0,unknown,0.0,0.0
375.0,225.0,25.0,unknown,0.0,0.0
375.0,225.0,75.0,limestone,0.030648373,3.8825047e-13
375.0,225.0,125.0,unknown,0.0,0.0
375.0,225.0,175.0,unknown,0.0,0.0
375.0,275.0,25.0,unknown,0.0,0.0
375.0,275.0,75.0,limestone,0.0023507301,2.9778812e-14
375.0,275.0,125.0,unknown,0.0,0.0
375.0,275.0,175.0,unknown,0.0,0.0
375.0,325.0,25.0,unknown,0.0,0.0
375.0,325.0,75.0,unknown,0.0,0.0
375.0,325.0,125.0,unknown,0.0,0.0
375.0,325.0,175.0,unknown,0.0,0.0
375.0,375.0,25.0,shale,7.855033e-05,1.084355e-18
375.0,375.0,75.0,shale,0.0001270366,1.7536882e-18
375.0,375.0,125.0,unknown,0.0,0.0
375.0,375.0,175.0,unknown,0.0,0.0
375.0,425.0,25.0,shale,0.00028161748,3.8876136e-18
375.0,425.0,75.0,shale,0.00045544977,6.287297e-18
375.0,425.0,125.0,unknown,0.0,0.0
375.0,425.0,175.0,limestone,0.013772611,3.4277692e-14
375.0,475.0,25.0,unknown,0.0,0.0
375.0,475.0,75.0,shale,0.0072639235,5.8257424e-17
375.0,475.0,125.0,unknown,0.0,0.0
375.0,475.0,175.0,limestone,0.028867347,7.184593e-14
375.0,525.0,25.0,unknown,0.0,0.0
375.0,525.0,75.0,shale,0.002236692,1.7938503e-17
375.0,525.0,125.0,unknown,0.0,0.0
375.0,525.0,175.0,limestone,0.014557803,3.6231902e-14
375.0,575.0,25.0,unknown,0.0,0.0
375.0,575.0,75.0,unknown,0.0,0.0
375.0,575.0,125.0,unknown,0.0,0.0
375.0,575.0,175.0,unknown,0.0,0.0
375.0,625.0,25.0,unknown,0.0,0.0
375.0,625.0,75.0,unknown,0.0,0.0
375.0,625.0,125.0,unknown,0.0,0.0
375.0,625.0,175.0,unknown,0.0,0.0
375.0,675.0,25.0,sandstone,9.427176e-05,3.6066412e-14
375.0,675.0,75.0,sandstone,0.01844584,7.0569943e-12
375.0,675.0,125.0,unknown,0.0,0.0
375.0,675.0,175.0,unknown,0.0,0.0
375.0,725.0,25.0,unknown,0.0,0.0
375.0,725.0,75.0,granite,5.7051326e-05,8.95022e-20
375.0,725.0,125.0,granite,0.0009259064,1.4525633e-18
375.0,725.0,175.0,unknown,0.0,0.0
375.0,775.0,25.0,unknown,0.0,0.0
375.0,775.0,75.0,unknown,0.0,0.0
375.0,775.0,125.0,unknown,0.0,0.0
375.0,775.0,175.0,basalt,0.0015061034,7.402116e-17
375.0,825.0,25.0,granite,0.00031862833,8.807214e-18
375.0,825.0,75.0,granite,0.0008724543,2.4115531e-17
375.0,825.0,125.0,unknown,0.0,0.0
375.0,825.0,175.0,basalt,0.00972935,4.7817286e-16
375.0,875.0,25.0,shale,0.06472404,4.4284727e-16
375.0,875.0,75.0,granite,0.025348753,1.7992567e-16
375.0,875.0,125.0,sandstone,0.00010627933,5.2809883e-15
375.0,875.0,175.0,basalt,0.055500068,2.887598e-15
375.0,925.0,25.0,shale,0.018552111,1.2666937e-16
375.0,925.0,75.0,shale,0.007280606,4.9710236e-17
375.0,925.0,125.0,sandstone,0.0042682462,2.1208787e-13
375.0,925.0,175.0,sandstone,0.008437782,4.1927085e-13
375.0,975.0,25.0,unknown,0.0,0.0
375.0,975.0,75.0,unknown,0.0,0.0
375.0,975.0,125.0,sandstone,0.0018938208,9.410339e-14
375.0,975.0,175.0,sandstone,0.0037438439,1.8603047e-13
425.0,25.0,25.0,unknown,0.0,0.0
425.0,25.0,75.0,unknown,0.0,0.0
425.0,25.0,125.0,unknown,0.0,0.0
425.0,25.0,175.0,unknown,0.0,0.0
425.0,75.0,25.0,unknown,0.0,0.0
425.0,75.0,75.0,unknown,0.0,0.0
425.0,75.0,125.0,unknown,0.0,0.0
425.0,75.0,175.0,granite,0.0038478808,1.727073e-17
425.0,125.0,25.0,unknown,0.0,0.0
425.0,125.0,75.0,unknown,0.0,0.0
425.0,125.0,125.0,unknown,0.0,0.0
425.0,125.0,175.0,granite,0.0063748476,2.86127e-17
425.0,175.0,25.0,unknown,0.0,0.0
425.0,175.0,75.0,limestone,0.027063817,3.4284167e-13
425.0,175.0,125.0,unknown,0.0,0.0
425.0,175.0,175.0,limestone,9.461685e-05,3.3363878e-15
425.0,225.0,25.0,unknown,0.0,0.0
425.0,225.0,75.0,limestone,0.083556086,1.05848e-12
425.0,225.0,125.0,limestone,0.010340028,4.953266e-13
425.0,225.0,175.0,limestone,0.14660834,7.0230024e-12
425.0,275.0,25.0,basalt,0.0040594004,1.3486994e-15
425.0,275.0,75.0,basalt,0.042640325,4.860924e-13
425.0,275.0,125.0,limestone,0.011325332,5.4252636e-13
425.0,275.0,175.0,limestone,0.14840133,7.1089692e-12
425.0,325.0,25.0,granite,0.03868616,7.2473674e-17
425.0,325.0,75.0,sandstone,0.21645333,5.1107757e-11
425.0,325.0,125.0,limestone,2.4915731e-05,1.193558e-15
425.0,325.0,175.0,limestone,0.0001126283,5.3953225e-15
425.0,375.0,25.0,granite,0.0049396064,6.648192e-18
425.0,375.0,75.0,sandstone,0.020643698,4.877124e-12
425.0,375.0,125.0,unknown,0.0,0.0
425.0,375.0,175.0,limestone,0.0015975876,3.9585597e-14
425.0,425.0,25.0,unknown,0.0,0.0
425.0,425.0,75.0,limestone,0.005977139,3.2000845e-13
425.0,425.0,125.0,basalt,0.12344509,1.2448407e-14
425.0,425.0,175.0,limestone,0.08119601,8.992276e-13
425.0,475.0,25.0,unknown,0.0,0.0
425.0,475.0,75.0,limestone,0.06663477,3.5675412e-12
425.0,475.0,125.0,limestone,0.049203884,2.1129516e-13
425.0,475.0,175.0,basalt,0.09255296,1.3959787e-13
425.0,525.0,25.0,unknown,0.0,0.0
425.0,525.0,75.0,limestone,0.04910316,2.6289212e-12
425.0,525.0,125.0,granite,0.046287745,2.3854464e-12
425.0,525.0,175.0,granite,7.831888e-06,3.6681506e-21
425.0,575.0,25.0,unknown,0.0,0.0
425.0,575.0,75.0,unknown,0.0,0.0
425.0,575.0,125.0,granite,0.0009869359,4.622423e-19
425.0,575.0,175.0,granite,3.012012e-06,1.410709e-21
425.0,625.0,25.0,unknown,0.0,0.0
425.0,625.0,75.0,unknown,0.0,0.0
425.0,625.0,125.0,unknown,0.0,0.0
425.0,625.0,175.0,unknown,0.0,0.0
425.0,675.0,25.0,unknown,0.0,0.0
425.0,675.0,75.0,unknown,0.0,0.0
425.0,675.0,125.0,unknown,0.0,0.0
425.0,675.0,175.0,unknown,0.0,0.0
425.0,725.0,25.0,unknown,0.0,0.0
425.0,725.0,75.0,granite,0.00040692816,6.3838946e-19
425.0,725.0,125.0,granite,0.0066041825,1.03606506e-17
425.0,725.0,175.0,unknown,0.0,0.0
425.0,775.0,25.0,unknown,0.0,0.0
425.0,775.0,75.0,sandstone,0.009446554,2.814697e-12
425.0,775.0,125.0,sandstone,0.022967214,6.843316e-12
425.0,775.0,175.0,unknown,0.0,0.0
425.0,825.0,25.0,granite,1.147062e-05,3.170597e-19
425.0,825.0,75.0,sandstone,0.015751828,4.5806445e-12
425.0,825.0,125.0,sandstone,0.046379674,1.3819296e-11
425.0,825.0,175.0,unknown,0.0,0.0
425.0,875.0,25.0,shale,0.085643455,5.8475645e-16
425.0,875.0,75.0,shale,0.04879933,1.1217805e-12
425.0,875.0,125.0,sandstone,0.023356803,6.959398e-12
425.0,875.0,175.0,unknown,0.0,0.0
425.0,925.0,25.0,shale,0.008674895,5.923011e-17
425.0,925.0,75.0,shale,0.003404383,2.3244313e-17
425.0,925.0,125.0,unknown,0.0,0.0
425.0,925.0,175.0,unknown,0.0,0.0
425.0,975.0,25.0,unknown,0.0,0.0
425.0,975.0,75.0,unknown,0.0,0.0
425.0,975.0,125.0,unknown,0.0,0.0
425.0,975.0,175.0,unknown,0.0,0.0
475.0,25.0,25.0,unknown,0.0,0.0
475.0,25.0,75.0,unknown,0.0,0.0
475.0,25.0,125.0,unknown,0.0,0.0
475.0,25.0,175.0,unknown,0.0,0.0
475.0,75.0,25.0,unknown,0.0,0.0
475.0,75.0,75.0,unknown,0.0,0.0
475.0,75.0,125.0,unknown,0.0,0.0
475.0,75.0,175.0,unknown,0.0,0.0
475.0,125.0,25.0,unknown,0.0,0.0
475.0,125.0,75.0,unknown,0.0,0.0
475.0,125.0,125.0,shale,0.014772792,9.8484064e-17
475.0,125.0,175.0,unknown,0.0,0.0
475.0,175.0,25.0,unknown,0.0,0.0
475.0,175.0,75.0,limestone,0.006592746,8.351623e-14
475.0,175.0,125.0,shale,0.011153918,7.4358534e-17
475.0,175.0,175.0,limestone,0.012340371,4.3514725e-13
475.0,225.0,25.0,unknown,0.0,0.0
475.0,225.0,75.0,limestone,0.020354263,2.5784572e-13
475.0,225.0,125.0,unknown,0.0,0.0
475.0,225.0,175.0,limestone,0.05335032,1.9262827e-12
475.0,275.0,25.0,basalt,0.009463601,3.1441965e-15
475.0,275.0,75.0,basalt,0.021259367,8.0806286e-14
475.0,275.0,125.0,granite,0.00046620198,2.7007253e-18
475.0,275.0,175.0,limestone,0.034602456,2.698365e-12
475.0,325.0,25.0,basalt,0.0026222307,8.712126e-16
475.0,325.0,75.0,sandstone,0.20553063,4.843569e-11
475.0,325.0,125.0,granite,0.0003117861,1.8061884e-18
475.0,325.0,175.0,granite,0.009062439,3.7028532e-13
475.0,375.0,25.0,unknown,0.0,0.0
475.0,375.0,75.0,sandstone,0.026154438,6.17905e-12
475.0,375.0,125.0,unknown,0.0,0.0
475.0,375.0,175.0,limestone,0.0019818726,4.910755e-14
475.0,425.0,25.0,unknown,0.0,0.0
475.0,425.0,75.0,limestone,0.000326915,1.7502616e-14
475.0,425.0,125.0,basalt,0.14323553,9.861042e-15
475.0,425.0,175.0,limestone,0.08837726,1.1455487e-12
475.0,475.0,25.0,shale,0.0014839987,1.5466024e-17
475.0,475.0,75.0,limestone,0.0036445372,1.9512392e-13
475.0,475.0,125.0,basalt,0.130652,1.0566344e-14
475.0,475.0,175.0,basalt,0.09105171,1.8068949e-13
475.0,525.0,25.0,shale,0.0009799992,1.02134124e-17
475.0,525.0,75.0,limestone,0.0026856596,1.4378681e-13
475.0,525.0,125.0,granite,0.01576832,3.243208e-14
475.0,525.0,175.0,basalt,0.14649794,5.877478e-14
475.0,575.0,25.0,unknown,0.0,0.0
475.0,575.0,75.0,unknown,0.0,0.0
475.0,575.0,125.0,granite,0.005857187,2.7432777e-18
475.0,575.0,175.0,granite,0.029469967,1.126557e-14
475.0,625.0,25.0,unknown,0.0,0.0
475.0,625.0,75.0,unknown,0.0,0.0
475.0,625.0,125.0,unknown,0.0,0.0
475.0,625.0,175.0,granite,0.01882727,2.0396088e-17
475.0,675.0,25.0,unknown,0.0,0.0
475.0,675.0,75.0,unknown,0.0,0.0
475.0,675.0,125.0,unknown,0.0,0.0
475.0,675.0,175.0,granite,0.00937036,9.0835515e-18
475.0,725.0,25.0,unknown,0.0,0.0
475.0,725.0,75.0,granite,9.155883e-05,1.4363763e-19
475.0,725.0,125.0,granite,0.0014859411,2.3311465e-18
475.0,725.0,175.0,unknown,0.0,0.0
475.0,775.0,25.0,unknown,0.0,0.0
475.0,775.0,75.0,sandstone,0.007758264,2.311654e-12
475.0,775.0,125.0,sandstone,0.01886251,5.6202772e-12
475.0,775.0,175.0,unknown,0.0,0.0
475.0,825.0,25.0,unknown,0.0,0.0
475.0,825.0,75.0,sandstone,0.01566693,4.668122e-12
475.0,825.0,125.0,sandstone,0.03809069,1.1349509e-11
475.0,825.0,175.0,unknown,0.0,0.0
475.0,875.0,25.0,unknown,0.0,0.0
475.0,875.0,75.0,sandstone,0.007889866,2.3508662e-12
475.0,875.0,125.0,sandstone,0.019182472,5.715613e-12
475.0,875.0,175.0,unknown,0.0,0.0
475.0,925.0,25.0,unknown,0.0,0.0
475.0,925.0,75.0,unknown,0.0,0.0
475.0,925.0,125.0,unknown,0.0,0.0
475.0,925.0,175.0,unknown,0.0,0.0
475.0,975.0,25.0,unknown,0.0,0.0
475.0,975.0,75.0,unknown,0.0,0.0
475.0,975.0,125.0,unknown,0.0,0.0
475.0,975.0,175.0,unknown,0.0,0.0
525.0,25.0,25.0,unknown,0.0,0.0
525.0,25.0,75.0,unknown,0.0,0.0
525.0,25.0,125.0,granite,4.9964823e-05,1.3341546e-19
525.0,25.0,175.0,unknown,0.0,0.0
525.0,75.0,25.0,unknown,0.0,0.0
525.0,75.0,75.0,unknown,0.0,0.0
525.0,75.0,125.0,limestone,0.013771255,6.80428e-13
525.0,75.0,175.0,limestone,0.004048404,2.5410183e-13
525.0,125.0,25.0,unknown,0.0,0.0
525.0,125.0,75.0,unknown,0.0,0.0
525.0,125.0,125.0,limestone,0.050680052,2.6147053e-12
525.0,125.0,175.0,limestone,0.007167854,4.49897e-13
525.0,175.0,25.0,unknown,0.0,0.0
525.0,175.0,75.0,unknown,0.0,0.0
525.0,175.0,125.0,shale,0.039098628,1.8783486e-12
525.0,175.0,175.0,limestone,0.0028671415,1.799588e-13
525.0,225.0,25.0,unknown,0.0,0.0
525.0,225.0,75.0,unknown,0.0,0.0
525.0,225.0,125.0,unknown,0.0,0.0
525.0,225.0,175.0,sandstone,0.0055017755,4.222932e-12
525.0,275.0,25.0,limestone,0.0023323493,7.828075e-14
525.0,275.0,75.0,limestone,0.0029600726,9.9349064e-14
525.0,275.0,125.0,granite,0.0005653674,3.2751941e-18
525.0,275.0,175.0,sandstone,0.05528228,2.9102524e-11
525.0,325.0,25.0,limestone,0.0044870125,1.5059784e-13
525.0,325.0,75.0,sandstone,0.18179174,4.2694525e-11
525.0,325.0,125.0,granite,0.00037810588,2.1903813e-18
525.0,325.0,175.0,granite,0.031180384,1.7766531e-11
525.0,375.0,25.0,limestone,2.2435064e-05,7.5298916e-16
525.0,375.0,75.0,sandstone,0.23001628,5.4341868e-11
525.0,375.0,125.0,unknown,0.0,0.0
525.0,375.0,175.0,limestone,0.00036961926,9.158558e-15
525.0,425.0,25.0,unknown,0.0,0.0
525.0,425.0,75.0,limestone,0.04649337,8.6385695e-13
525.0,425.0,125.0,basalt,0.00035982422,2.4741574e-17
525.0,425.0,175.0,limestone,0.036406208,2.478549e-13
525.0,475.0,25.0,shale,0.0015955477,1.6628572e-17
525.0,475.0,75.0,limestone,0.07896756,1.4672344e-12
525.0,475.0,125.0,basalt,0.00031288734,2.1514187e-17
525.0,475.0,175.0,limestone,0.06388811,4.8713698e-14
525.0,525.0,25.0,shale,0.0010536636,1.0981132e-17
525.0,525.0,75.0,unknown,0.0,0.0
525.0,525.0,125.0,granite,0.009797434,4.588736e-18
525.0,525.0,175.0,granite,2.9900613e-05,1.4004281e-20
525.0,575.0,25.0,unknown,0.0,0.0
525.0,575.0,75.0,unknown,0.0,0.0
525.0,575.0,125.0,granite,0.0037679283,1.7647505e-18
525.0,575.0,175.0,granite,0.0017510909,1.4392481e-17
525.0,625.0,25.0,unknown,0.0,0.0
525.0,625.0,75.0,unknown,0.0,0.0
525.0,625.0,125.0,unknown,0.0,0.0
525.0,625.0,175.0,granite,0.00017944047,1.4748531e-18
525.0,675.0,25.0,unknown,0.0,0.0
525.0,675.0,75.0,unknown,0.0,0.0
525.0,675.0,125.0,unknown,0.0,0.0
525.0,675.0,175.0,unknown,0.0,0.0
525.0,725.0,25.0,unknown,0.0,0.0
525.0,725.0,75.0,unknown,0.0,0.0
525.0,725.0,125.0,unknown,0.0,0.0
525.0,725.0,175.0,unknown,0.0,0.0
525.0,775.0,25.0,unknown,0.0,0.0
525.0,775.0,75.0,unknown,0.0,0.0
525.0,775.0,125.0,unknown,0.0,0.0
525.0,775.0,175.0,unknown,0.0,0.0
525.0,825.0,25.0,unknown,0.0,0.0
525.0,825.0,75.0,unknown,0.0,0.0
525.0,825.0,125.0,unknown,0.0,0.0
525.0,825.0,175.0,unknown,0.0,0.0
525.0,875.0,25.0,unknown,0.0,0.0
525.0,875.0,75.0,unknown,0.0,0.0
525.0,875.0,125.0,unknown,0.0,0.0
525.0,875.0,175.0,unknown,0.0,0.0
525.0,925.0,25.0,unknown,0.0,0.0
525.0,925.0,75.0,unknown,0.0,0.0
525.0,925.0,125.0,unknown,0.0,0.0
525.0,925.0,175.0,unknown,0.0,0.0
525.0,975.0,25.0,unknown,0.0,0.0
525.0,975.0,75.0,unknown,0.0,0.0
525.0,975.0,125.0,unknown,0.0,0.0
525.0,975.0,175.0,unknown,0.0,0.0
575.0,25.0,25.0,unknown,0.0,0.0
575.0,25.0,75.0,unknown,0.0,0.0
575.0,25.0,125.0,granite,0.01620339,2.0692724e-16
575.0,25.0,175.0,limestone,4.7496036e-05,1.5680167e-15
575.0,75.0,25.0,unknown,0.0,0.0
575.0,75.0,75.0,unknown,0.0,0.0
575.0,75.0,125.0,limestone,0.019937672,9.219699e-13
575.0,75.0,175.0,limestone,0.0074602957,4.3332877e-13
575.0,125.0,25.0,unknown,0.0,0.0
575.0,125.0,75.0,unknown,0.0,0.0
575.0,125.0,125.0,limestone,0.07446386,4.6596164e-12
575.0,125.0,175.0,limestone,0.011192776,7.02525e-13
575.0,175.0,25.0,unknown,0.0,0.0
575.0,175.0,75.0,unknown,0.0,0.0
575.0,175.0,125.0,limestone,0.07483732,4.6971116e-12
575.0,175.0,175.0,limestone,0.0044771107,2.8101e-13
575.0,225.0,25.0,unknown,0.0,0.0
575.0,225.0,75.0,unknown,0.0,0.0
575.0,225.0,125.0,unknown,0.0,0.0
575.0,225.0,175.0,unknown,0.0,0.0
575.0,275.0,25.0,limestone,0.03029025,1.0166332e-12
575.0,275.0,75.0,limestone,0.0384425,1.2902475e-12
575.0,275.0,125.0,sandstone,0.008968345,1.6349279e-12
575.0,275.0,175.0,limestone,0.027836835,5.3842347e-13
575.0,325.0,25.0,limestone,0.05827289,1.955816e-12
575.0,325.0,75.0,limestone,0.07395633,2.4822e-12
575.0,325.0,125.0,sandstone,0.005451916,4.1025893e-13
575.0,325.0,175.0,limestone,0.008541217,9.494557e-14
575.0,375.0,25.0,limestone,0.00029136447,9.77908e-15
575.0,375.0,75.0,limestone,0.00036978166,1.2411e-14
575.0,375.0,125.0,shale,0.0026795333,2.7141455e-17
575.0,375.0,175.0,unknown,0.0,0.0
575.0,425.0,25.0,sandstone,0.03061487,7.020868e-12
575.0,425.0,75.0,sandstone,0.08379083,1.1067197e-11
575.0,425.0,125.0,shale,0.0066688233,6.7549667e-17
575.0,425.0,175.0,unknown,0.0,0.0
575.0,475.0,25.0,sandstone,0.05786216,1.3269453e-11
575.0,475.0,75.0,sandstone,0.13688622,3.1385148e-11
575.0,475.0,125.0,shale,0.0032930651,3.3356025e-17
575.0,475.0,175.0,unknown,0.0,0.0
575.0,525.0,25.0,sandstone,0.0219124,5.0251418e-12
575.0,525.0,75.0,sandstone,0.15107086,5.7745222e-11
575.0,525.0,125.0,unknown,0.0,0.0
575.0,525.0,175.0,unknown,0.0,0.0
575.0,575.0,25.0,limestone,0.000104903855,6.1117244e-16
575.0,575.0,75.0,unknown,0.0,0.0
575.0,575.0,125.0,unknown,0.0,0.0
575.0,575.0,175.0,unknown,0.0,0.0
575.0,625.0,25.0,limestone,0.00023237095,1.3537988e-15
575.0,625.0,75.0,unknown,0.0,0.0
575.0,625.0,125.0,unknown,0.0,0.0
575.0,625.0,175.0,shale,0.0131335035,1.1024641e-17
575.0,675.0,25.0,unknown,0.0,0.0
575.0,675.0,75.0,unknown,0.0,0.0
575.0,675.0,125.0,unknown,0.0,0.0
575.0,675.0,175.0,shale,0.009599762,8.058316e-18
575.0,725.0,25.0,unknown,0.0,0.0
575.0,725.0,75.0,unknown,0.0,0.0
575.0,725.0,125.0,unknown,0.0,0.0
575.0,725.0,175.0,unknown,0.0,0.0
575.0,775.0,25.0,unknown,0.0,0.0
575.0,775.0,75.0,unknown,0.0,0.0
575.0,775.0,125.0,unknown,0.0,0.0
575.0,775.0,175.0,unknown,0.0,0.0
575.0,825.0,25.0,unknown,0.0,0.0
575.0,825.0,75.0,unknown,0.0,0.0
575.0,825.0,125.0,unknown,0.0,0.0
575.0,825.0,175.0,unknown,0.0,0.0
575.0,875.0,25.0,unknown,0.0,0.0
575.0,875.0,75.0,unknown,0.0,0.0
575.0,875.0,125.0,unknown,0.0,0.0
575.0,875.0,175.0,sandstone,0.022293694,8.233037e-12
575.0,925.0,25.0,unknown,0.0,0.0
575.0,925.0,75.0,unknown,0.0,0.0
575.0,925.0,125.0,unknown,0.0,0.0
575.0,925.0,175.0,sandstone,0.0028487407,1.0520369e-12
575.0,975.0,25.0,unknown,0.0,0.0
575.0,975.0,75.0,unknown,0.0,0.0
575.0,975.0,125.0,unknown,0.0,0.0
575.0,975.0,175.0,unknown,0.0,0.0
625.0,25.0,25.0,basalt,0.001027242,1.9552394e-15
625.0,25.0,75.0,basalt,0.0031921333,6.075866e-15
625.0,25.0,125.0,limestone,0.014340714,4.7343905e-13
625.0,25.0,175.0,limestone,0.006785148,2.2400238e-13
625.0,75.0,25.0,basalt,0.0030302126,5.767668e-15
625.0,75.0,75.0,basalt,0.009416322,1.7922909e-14
625.0,75.0,125.0,limestone,0.18759073,6.1974497e-12
625.0,75.0,175.0,limestone,0.19496319,6.4373667e-12
625.0,125.0,25.0,basalt,0.0007254329,1.3807797e-15
625.0,125.0,75.0,basalt,0.0022542677,4.2907445e-15
625.0,125.0,125.0,limestone,0.0023600305,1.4812951e-13
625.0,125.0,175.0,limestone,0.000729769,4.580463e-14
625.0,175.0,25.0,unknown,0.0,0.0
625.0,175.0,75.0,unknown,0.0,0.0
625.0,175.0,125.0,limestone,0.0009440122,5.9251805e-14
625.0,175.0,175.0,limestone,0.0002919076,1.8321851e-14
625.0,225.0,25.0,unknown,0.0,0.0
625.0,225.0,75.0,unknown,0.0,0.0
625.0,225.0,125.0,unknown,0.0,0.0
625.0,225.0,175.0,unknown,0.0,0.0
625.0,275.0,25.0,limestone,0.013757831,4.6175477e-13
625.0,275.0,75.0,limestone,0.017460583,5.8603046e-13
625.0,275.0,125.0,sandstone,0.049660537,1.192499e-11
625.0,275.0,175.0,unknown,0.0,0.0
625.0,325.0,25.0,limestone,0.026467547,8.883316e-13
625.0,325.0,75.0,basalt,0.11411324,3.2131494e-12
625.0,325.0,125.0,sandstone,0.01545248,3.7106056e-12
625.0,325.0,175.0,unknown,0.0,0.0
625.0,375.0,25.0,limestone,0.00013233774,4.4416582e-15
625.0,375.0,75.0,limestone,0.00016795483,5.6370763e-15
625.0,375.0,125.0,shale,0.0043783598,4.434916e-17
625.0,375.0,175.0,sandstone,0.017419469,1.9047116e-12
625.0,425.0,25.0,sandstone,0.012311413,2.82336e-12
625.0,425.0,75.0,sandstone,0.021990921,5.043149e-12
625.0,425.0,125.0,shale,0.010896863,1.1037621e-16
625.0,425.0,175.0,sandstone,0.0030864403,3.3748324e-13
625.0,475.0,25.0,sandstone,0.023268593,5.336156e-12
625.0,475.0,75.0,sandstone,0.09537089,3.314187e-11
625.0,475.0,125.0,shale,0.0053808712,5.450377e-17
625.0,475.0,175.0,unknown,0.0,0.0
625.0,525.0,25.0,sandstone,0.008811817,2.0208021e-12
625.0,525.0,75.0,sandstone,0.16650192,6.543029e-11
625.0,525.0,125.0,unknown,0.0,0.0
625.0,525.0,175.0,unknown,0.0,0.0
625.0,575.0,25.0,limestone,0.008598676,5.00961e-14
625.0,575.0,75.0,unknown,0.0,0.0
625.0,575.0,125.0,unknown,0.0,0.0
625.0,575.0,175.0,unknown,0.0,0.0
625.0,625.0,25.0,limestone,0.019046798,1.10967117e-13
625.0,625.0,75.0,unknown,0.0,0.0
625.0,625.0,125.0,limestone,0.000756381,3.476352e-14
625.0,625.0,175.0,shale,0.035938825,3.0168084e-17
625.0,675.0,25.0,unknown,0.0,0.0
625.0,675.0,75.0,unknown,0.0,0.0
625.0,675.0,125.0,limestone,0.010058259,4.622809e-13
625.0,675.0,175.0,shale,0.026269011,2.2050964e-17
625.0,725.0,25.0,unknown,0.0,0.0
625.0,725.0,75.0,unknown,0.0,0.0
625.0,725.0,125.0,basalt,0.012603293,5.2778745e-14
625.0,725.0,175.0,basalt,0.0019532014,5.586652e-15
625.0,775.0,25.0,unknown,0.0,0.0
625.0,775.0,75.0,basalt,4.5902107e-05,2.2199329e-16
625.0,775.0,125.0,basalt,0.008109601,2.4188474e-14
625.0,775.0,175.0,basalt,0.003432691,9.818369e-15
625.0,825.0,25.0,unknown,0.0,0.0
625.0,825.0,75.0,basalt,0.00014237626,6.885648e-16
625.0,825.0,125.0,basalt,0.0057455613,2.4286722e-14
625.0,825.0,175.0,basalt,0.0010373592,2.967111e-15
625.0,875.0,25.0,unknown,0.0,0.0
625.0,875.0,75.0,basalt,4.2883727e-05,2.0739571e-16
625.0,875.0,125.0,basalt,0.00027676785,1.338514e-15
625.0,875.0,175.0,sandstone,0.051062055,1.8857162e-11
625.0,925.0,25.0,unknown,0.0,0.0
625.0,925.0,75.0,unknown,0.0,0.0
625.0,925.0,125.0,unknown,0.0,0.0
625.0,925.0,175.0,sandstone,0.00652483,2.4096127e-12
625.0,975.0,25.0,unknown,0.0,0.0
625.0,975.0,75.0,unknown,0.0,0.0
625.0,975.0,125.0,unknown,0.0,0.0
625.0,975.0,175.0,unknown,0.0,0.0
675.0,25.0,25.0,unknown,0.0,0.0
675.0,25.0,75.0,unknown,0.0,0.0
675.0,25.0,125.0,limestone,0.008962946,2.958994e-13
675.0,25.0,175.0,limestone,0.0042407173,1.4000148e-13
675.0,75.0,25.0,unknown,0.0,0.0
675.0,75.0,75.0,unknown,0.0,0.0
675.0,75.0,125.0,limestone,0.018607171,6.1429036e-13
675.0,75.0,175.0,limestone,0.0088037755,2.906446e-13
675.0,125.0,25.0,basalt,0.003671303,2.067838e-17
675.0,125.0,75.0,unknown,0.0,0.0
675.0,125.0,125.0,unknown,0.0,0.0
675.0,125.0,175.0,shale,0.0016689688,2.2938721e-17
675.0,175.0,25.0,basalt,0.008612017,4.850664e-17
675.0,175.0,75.0,unknown,0.0,0.0
675.0,175.0,125.0,basalt,0.005101588,1.0384127e-15
675.0,175.0,175.0,basalt,0.028890723,5.66454e-15
675.0,225.0,25.0,basalt,0.0029341143,1.6526212e-17
675.0,225.0,75.0,unknown,0.0,0.0
675.0,225.0,125.0,basalt,0.02278512,4.6378417e-15
675.0,225.0,175.0,basalt,0.010997551,2.238518e-15
675.0,275.0,25.0,unknown,0.0,0.0
675.0,275.0,75.0,unknown,0.0,0.0
675.0,275.0,125.0,basalt,0.038351547,3.398762e-13
675.0,275.0,175.0,basalt,0.0013142073,2.675029e-16
675.0,325.0,25.0,unknown,0.0,0.0
675.0,325.0,75.0,basalt,0.038971756,1.9139849e-15
675.0,325.0,125.0,sandstone,0.001688956,4.055692e-13
675.0,325.0,175.0,unknown,0.0,0.0
675.0,375.0,25.0,unknown,0.0,0.0
675.0,375.0,75.0,unknown,0.0,0.0
675.0,375.0,125.0,unknown,0.0,0.0
675.0,375.0,175.0,sandstone,0.024109017,2.6361725e-12
675.0,425.0,25.0,unknown,0.0,0.0
675.0,425.0,75.0,unknown,0.0,0.0
675.0,425.0,125.0,unknown,0.0,0.0
675.0,425.0,175.0,sandstone,0.0042717173,4.67086e-13
675.0,475.0,25.0,unknown,0.0,0.0
675.0,475.0,75.0,unknown,0.0,0.0
675.0,475.0,125.0,unknown,0.0,0.0
675.0,475.0,175.0,unknown,0.0,0.0
675.0,525.0,25.0,unknown,0.0,0.0
675.0,525.0,75.0,unknown,0.0,0.0
675.0,525.0,125.0,unknown,0.0,0.0
675.0,525.0,175.0,unknown,0.0,0.0
675.0,575.0,25.0,limestone,0.007833394,4.5637546e-14
675.0,575.0,75.0,unknown,0.0,0.0
675.0,575.0,125.0,unknown,0.0,0.0
675.0,575.0,175.0,unknown,0.0,0.0
675.0,625.0,25.0,limestone,0.017351633,1.01091044e-13
675.0,625.0,75.0,unknown,0.0,0.0
675.0,625.0,125.0,limestone,0.0012494526,5.742525e-14
675.0,625.0,175.0,unknown,0.0,0.0
675.0,675.0,25.0,unknown,0.0,0.0
675.0,675.0,75.0,unknown,0.0,0.0
675.0,675.0,125.0,limestone,0.016615061,7.636336e-13
675.0,675.0,175.0,unknown,0.0,0.0
675.0,725.0,25.0,unknown,0.0,0.0
675.0,725.0,75.0,unknown,0.0,0.0
675.0,725.0,125.0,basalt,0.012465199,7.505625e-14
675.0,725.0,175.0,basalt,0.0021399353,6.1207588e-15
675.0,775.0,25.0,unknown,0.0,0.0
675.0,775.0,75.0,basalt,0.0002051685,9.922428e-16
675.0,775.0,125.0,basalt,0.011964149,2.1600265e-14
675.0,775.0,175.0,basalt,0.0037608705,1.0757046e-14
675.0,825.0,25.0,unknown,0.0,0.0
675.0,825.0,75.0,basalt,0.0006363787,3.077676e-15
675.0,825.0,125.0,basalt,0.0147946505,2.9659153e-14
675.0,825.0,175.0,basalt,0.008687041,2.0082553e-14
675.0,875.0,25.0,unknown,0.0,0.0
675.0,875.0,75.0,basalt,0.00019167727,9.26996e-16
675.0,875.0,125.0,shale,0.018563705,1.6908763e-14
675.0,875.0,175.0,shale,0.050409004,1.5662888e-11
675.0,925.0,25.0,unknown,0.0,0.0
675.0,925.0,75.0,unknown,0.0,0.0
675.0,925.0,125.0,shale,0.014694779,1.3968582e-16
675.0,925.0,175.0,shale,0.016247159,3.2492021e-12
675.0,975.0,25.0,unknown,0.0,0.0
675.0,975.0,75.0,unknown,0.0,0.0
675.0,975.0,125.0,unknown,0.0,0.0
675.0,975.0,175.0,unknown,0.0,0.0
725.0,25.0,25.0,unknown,0.0,0.0
725.0,25.0,75.0,unknown,0.0,0.0
725.0,25.0,125.0,unknown,0.0,0.0
725.0,25.0,175.0,unknown,0.0,0.0
725.0,75.0,25.0,unknown,0.0,0.0
725.0,75.0,75.0,unknown,0.0,0.0
725.0,75.0,125.0,unknown,0.0,0.0
725.0,75.0,175.0,unknown,0.0,0.0
725.0,125.0,25.0,basalt,0.042876676,2.4153655e-16
725.0,125.0,75.0,granite,6.310839e-05,4.399142e-19
725.0,125.0,125.0,unknown,0.0,0.0
725.0,125.0,175.0,shale,0.0032776294,4.504855e-17
725.0,175.0,25.0,basalt,0.045738403,2.5762944e-16
725.0,175.0,75.0,granite,5.097286e-05,3.5532021e-19
725.0,175.0,125.0,unknown,0.0,0.0
725.0,175.0,175.0,shale,0.0050731115,6.97261e-17
725.0,225.0,25.0,basalt,0.0076230564,4.2936378e-17
725.0,225.0,75.0,unknown,0.0,0.0
725.0,225.0,125.0,unknown,0.0,0.0
725.0,225.0,175.0,unknown,0.0,0.0
725.0,275.0,25.0,unknown,0.0,0.0
725.0,275.0,75.0,unknown,0.0,0.0
725.0,275.0,125.0,unknown,0.0,0.0
725.0,275.0,175.0,unknown,0.0,0.0
725.0,325.0,25.0,unknown,0.0,0.0
725.0,325.0,75.0,unknown,0.0,0.0
725.0,325.0,125.0,unknown,0.0,0.0
725.0,325.0,175.0,unknown,0.0,0.0
725.0,375.0,25.0,unknown,0.0,0.0
725.0,375.0,75.0,unknown,0.0,0.0
725.0,375.0,125.0,unknown,0.0,0.0
725.0,375.0,175.0,unknown,0.0,0.0
725.0,425.0,25.0,unknown,0.0,0.0
725.0,425.0,75.0,unknown,0.0,0.0
725.0,425.0,125.0,unknown,0.0,0.0
725.0,425.0,175.0,unknown,0.0,0.0
725.0,475.0,25.0,unknown,0.0,0.0
725.0,475.0,75.0,unknown,0.0,0.0
725.0,475.0,125.0,unknown,0.0,0.0
725.0,475.0,175.0,unknown,0.0,0.0
725.0,525.0,25.0,shale,0.005050797,3.121598e-17
725.0,525.0,75.0,unknown,0.0,0.0
725.0,525.0,125.0,unknown,0.0,0.0
725.0,525.0,175.0,unknown,0.0,0.0
725.0,575.0,25.0,limestone,0.00059687643,5.3268283e-14
725.0,575.0,75.0,limestone,0.03908325,1.1309845e-12
725.0,575.0,125.0,unknown,0.0,0.0
725.0,575.0,175.0,unknown,0.0,0.0
725.0,625.0,25.0,limestone,0.0029286076,2.6136382e-13
725.0,625.0,75.0,limestone,0.04020289,2.48002e-12
725.0,625.0,125.0,unknown,0.0,0.0
725.0,625.0,175.0,unknown,0.0,0.0
725.0,675.0,25.0,unknown,0.0,0.0
725.0,675.0,75.0,unknown,0.0,0.0
725.0,675.0,125.0,unknown,0.0,0.0
725.0,675.0,175.0,unknown,0.0,0.0
725.0,725.0,25.0,unknown,0.0,0.0
725.0,725.0,75.0,unknown,0.0,0.0
725.0,725.0,125.0,unknown,0.0,0.0
725.0,725.0,175.0,unknown,0.0,0.0
725.0,775.0,25.0,unknown,0.0,0.0
725.0,775.0,75.0,unknown,0.0,0.0
725.0,775.0,125.0,granite,0.0065032453,2.0042384e-17
725.0,775.0,175.0,unknown,0.0,0.0
725.0,825.0,25.0,unknown,0.0,0.0
725.0,825.0,75.0,unknown,0.0,0.0
725.0,825.0,125.0,granite,0.017797334,5.4849043e-17
725.0,825.0,175.0,granite,8.1804734e-05,1.8206849e-19
725.0,875.0,25.0,unknown,0.0,0.0
725.0,875.0,75.0,unknown,0.0,0.0
725.0,875.0,125.0,unknown,0.0,0.0
725.0,875.0,175.0,unknown,0.0,0.0
725.0,925.0,25.0,unknown,0.0,0.0
725.0,925.0,75.0,unknown,0.0,0.0
725.0,925.0,125.0,unknown,0.0,0.0
725.0,925.0,175.0,unknown,0.0,0.0
725.0,975.0,25.0,unknown,0.0,0.0
725.0,975.0,75.0,unknown,0.0,0.0
725.0,975.0,125.0,unknown,0.0,0.0
725.0,975.0,175.0,unknown,0.0,0.0
775.0,25.0,25.0,unknown,0.0,0.0
775.0,25.0,75.0,unknown,0.0,0.0
775.0,25.0,125.0,unknown,0.0,0.0
775.0,25.0,175.0,unknown,0.0,0.0
775.0,75.0,25.0,unknown,0.0,0.0
775.0,75.0,75.0,unknown,0.0,0.0
775.0,75.0,125.0,unknown,0.0,0.0
775.0,75.0,175.0,granite,6.273886e-05,1.7727505e-19
775.0,125.0,25.0,granite,0.01699727,9.6880465e-17
775.0,125.0,75.0,granite,0.00028895782,2.0142592e-18
775.0,125.0,125.0,unknown,0.0,0.0
775.0,125.0,175.0,granite,0.016420241,4.742586e-17
775.0,175.0,25.0,basalt,0.028858466,1.631042e-16
775.0,175.0,75.0,granite,0.00023339222,1.6269241e-18
775.0,175.0,125.0,unknown,0.0,0.0
775.0,175.0,175.0,granite,0.010542893,4.071945e-17
775.0,225.0,25.0,basalt,0.0019156741,1.0789912e-17
775.0,225.0,75.0,unknown,0.0,0.0
775.0,225.0,125.0,unknown,0.0,0.0
775.0,225.0,175.0,unknown,0.0,0.0
775.0,275.0,25.0,unknown,0.0,0.0
775.0,275.0,75.0,shale,0.00034984184,1.4032285e-18
775.0,275.0,125.0,shale,0.0045450525,1.8230372e-17
775.0,275.0,175.0,unknown,0.0,0.0
775.0,325.0,25.0,unknown,0.0,0.0
775.0,325.0,75.0,unknown,0.0,0.0
775.0,325.0,125.0,unknown,0.0,0.0
775.0,325.0,175.0,unknown,0.0,0.0
775.0,375.0,25.0,unknown,0.0,0.0
775.0,375.0,75.0,unknown,0.0,0.0
775.0,375.0,125.0,unknown,0.0,0.0
775.0,375.0,175.0,unknown,0.0,0.0
775.0,425.0,25.0,unknown,0.0,0.0
775.0,425.0,75.0,unknown,0.0,0.0
775.0,425.0,125.0,granite,0.0018723224,1.623691e-18
775.0,425.0,175.0,granite,0.0011778529,1.0214422e-18
775.0,475.0,25.0,unknown,0.0,0.0
775.0,475.0,75.0,unknown,0.0,0.0
775.0,475.0,125.0,granite,0.00305435,2.6487535e-18
775.0,475.0,175.0,granite,0.0019214506,1.6662954e-18
775.0,525.0,25.0,shale,0.00539654,3.335281e-17
775.0,525.0,75.0,unknown,0.0,0.0
775.0,525.0,125.0,unknown,0.0,0.0
775.0,525.0,175.0,unknown,0.0,0.0
775.0,575.0,25.0,unknown,0.0,0.0
775.0,575.0,75.0,limestone,0.063306876,9.891155e-13
775.0,575.0,125.0,unknown,0.0,0.0
775.0,575.0,175.0,unknown,0.0,0.0
775.0,625.0,25.0,unknown,0.0,0.0
775.0,625.0,75.0,limestone,0.05096184,7.9623493e-13
775.0,625.0,125.0,unknown,0.0,0.0
775.0,625.0,175.0,unknown,0.0,0.0
775.0,675.0,25.0,unknown,0.0,0.0
775.0,675.0,75.0,unknown,0.0,0.0
775.0,675.0,125.0,unknown,0.0,0.0
775.0,675.0,175.0,unknown,0.0,0.0
775.0,725.0,25.0,unknown,0.0,0.0
775.0,725.0,75.0,unknown,0.0,0.0
775.0,725.0,125.0,unknown,0.0,0.0
775.0,725.0,175.0,unknown,0.0,0.0
775.0,775.0,25.0,unknown,0.0,0.0
775.0,775.0,75.0,basalt,0.00041362722,1.8856291e-16
775.0,775.0,125.0,unknown,0.0,0.0
775.0,775.0,175.0,unknown,0.0,0.0
775.0,825.0,25.0,unknown,0.0,0.0
775.0,825.0,75.0,basalt,0.0013481983,6.1461187e-16
775.0,825.0,125.0,unknown,0.0,0.0
775.0,825.0,175.0,unknown,0.0,0.0
775.0,875.0,25.0,unknown,0.0,0.0
775.0,875.0,75.0,basalt,0.0003278818,1.494736e-16
775.0,875.0,125.0,unknown,0.0,0.0
775.0,875.0,175.0,unknown,0.0,0.0
775.0,925.0,25.0,granite,0.0028055583,7.278289e-18
775.0,925.0,75.0,unknown,0.0,0.0
775.0,925.0,125.0,unknown,0.0,0.0
775.0,925.0,175.0,unknown,0.0,0.0
775.0,975.0,25.0,unknown,0.0,0.0
775.0,975.0,75.0,unknown,0.0,0.0
775.0,975.0,125.0,unknown,0.0,0.0
775.0,975.0,175.0,unknown,0.0,0.0
825.0,25.0,25.0,unknown,0.0,0.0
825.0,25.0,75.0,unknown,0.0,0.0
825.0,25.0,125.0,unknown,0.0,0.0
825.0,25.0,175.0,unknown,0.0,0.0
825.0,75.0,25.0,unknown,0.0,0.0
825.0,75.0,75.0,unknown,0.0,0.0
825.0,75.0,125.0,basalt,0.00072447606,7.299669e-16
825.0,75.0,175.0,basalt,0.06107534,6.153337e-14
825.0,125.0,25.0,granite,5.1347437e-05,3.5793131e-19
825.0,125.0,75.0,granite,1.1442729e-05,7.9764665e-20
825.0,125.0,125.0,basalt,0.00035323732,3.5591454e-16
825.0,125.0,175.0,granite,0.0073925597,3.4503163e-15
825.0,175.0,25.0,granite,4.1473504e-05,2.8910236e-19
825.0,175.0,75.0,granite,9.2423315e-06,6.4426196e-20
825.0,175.0,125.0,unknown,0.0,0.0
825.0,175.0,175.0,granite,0.0005523311,1.5606679e-18
825.0,225.0,25.0,limestone,0.0013406699,2.255819e-14
825.0,225.0,75.0,limestone,0.00013940285,2.3456005e-15
825.0,225.0,125.0,unknown,0.0,0.0
825.0,225.0,175.0,unknown,0.0,0.0
825.0,275.0,25.0,limestone,0.010051689,1.6913031e-13
825.0,275.0,75.0,shale,0.06347046,3.6266093e-15
825.0,275.0,125.0,shale,0.02270256,9.1060806e-17
825.0,275.0,175.0,unknown,0.0,0.0
825.0,325.0,25.0,unknown,0.0,0.0
825.0,325.0,75.0,unknown,0.0,0.0
825.0,325.0,125.0,unknown,0.0,0.0
825.0,325.0,175.0,unknown,0.0,0.0
825.0,375.0,25.0,unknown,0.0,0.0
825.0,375.0,75.0,unknown,0.0,0.0
825.0,375.0,125.0,unknown,0.0,0.0
825.0,375.0,175.0,unknown,0.0,0.0
825.0,425.0,25.0,unknown,0.0,0.0
825.0,425.0,75.0,unknown,0.0,0.0
825.0,425.0,125.0,granite,0.005131056,4.4496874e-18
825.0,425.0,175.0,granite,0.0032278786,2.7992387e-18
825.0,475.0,25.0,unknown,0.0,0.0
825.0,475.0,75.0,unknown,0.0,0.0
825.0,475.0,125.0,granite,0.008370375,7.258847e-18
825.0,475.0,175.0,granite,0.005265691,4.566444e-18
825.0,525.0,25.0,unknown,0.0,0.0
825.0,525.0,75.0,unknown,0.0,0.0
825.0,525.0,125.0,unknown,0.0,0.0
825.0,525.0,175.0,unknown,0.0,0.0
825.0,575.0,25.0,unknown,0.0,0.0
825.0,575.0,75.0,unknown,0.0,0.0
825.0,575.0,125.0,unknown,0.0,0.0
825.0,575.0,175.0,unknown,0.0,0.0
825.0,625.0,25.0,unknown,0.0,0.0
825.0,625.0,75.0,unknown,0.0,0.0
825.0,625.0,125.0,unknown,0.0,0.0
825.0,625.0,175.0,unknown,0.0,0.0
825.0,675.0,25.0,unknown,0.0,0.0
825.0,675.0,75.0,unknown,0.0,0.0
825.0,675.0,125.0,unknown,0.0,0.0
825.0,675.0,175.0,unknown,0.0,0.0
825.0,725.0,25.0,unknown,0.0,0.0
825.0,725.0,75.0,unknown,0.0,0.0
825.0,725.0,125.0,unknown,0.0,0.0
825.0,725.0,175.0,unknown,0.0,0.0
825.0,775.0,25.0,unknown,0.0,0.0
825.0,775.0,75.0,basalt,0.0029616603,1.3501512e-15
825.0,775.0,125.0,sandstone,0.0014307937,3.9152523e-14
825.0,775.0,175.0,sandstone,0.009952453,2.723409e-13
825.0,825.0,25.0,granite,0.0018030715,2.7757783e-18
825.0,825.0,75.0,basalt,0.0144226,6.5454975e-15
825.0,825.0,125.0,unknown,0.0,0.0
825.0,825.0,175.0,unknown,0.0,0.0
825.0,875.0,25.0,granite,0.008213203,1.26439975e-17
825.0,875.0,75.0,basalt,0.011118122,3.664667e-15
825.0,875.0,125.0,unknown,0.0,0.0
825.0,875.0,175.0,unknown,0.0,0.0
825.0,925.0,25.0,granite,0.018905379,4.9045074e-17
825.0,925.0,75.0,unknown,0.0,0.0
825.0,925.0,125.0,unknown,0.0,0.0
825.0,925.0,175.0,unknown,0.0,0.0
825.0,975.0,25.0,unknown,0.0,0.0
825.0,975.0,75.0,unknown,0.0,0.0
825.0,975.0,125.0,unknown,0.0,0.0
825.0,975.0,175.0,unknown,0.0,0.0
875.0,25.0,25.0,unknown,0.0,0.0
875.0,25.0,75.0,unknown,0.0,0.0
875.0,25.0,125.0,unknown,0.0,0.0
875.0,25.0,175.0,unknown,0.0,0.0
875.0,75.0,25.0,unknown,0.0,0.0
875.0,75.0,75.0,unknown,0.0,0.0
875.0,75.0,125.0,basalt,0.002914227,2.936314e-15
875.0,75.0,175.0,basalt,0.00710818,7.162053e-15
875.0,125.0,25.0,basalt,0.0057310294,7.205809e-15
875.0,125.0,75.0,basalt,0.010098864,1.269763e-14
875.0,125.0,125.0,basalt,0.0014209079,1.431677e-15
875.0,125.0,175.0,basalt,0.0034657798,3.4920468e-15
875.0,175.0,25.0,basalt,0.00037893475,4.7644693e-16
875.0,175.0,75.0,basalt,0.0006677353,8.3956524e-16
875.0,175.0,125.0,unknown,0.0,0.0
875.0,175.0,175.0,unknown,0.0,0.0
875.0,225.0,25.0,limestone,0.007613117,1.2809874e-13
875.0,225.0,75.0,limestone,0.00079161185,1.33197074e-14
875.0,225.0,125.0,unknown,0.0,0.0
875.0,225.0,175.0,unknown,0.0,0.0
875.0,275.0,25.0,limestone,0.057079438,9.60422e-13
875.0,275.0,75.0,limestone,0.03231721,6.356341e-14
875.0,275.0,125.0,shale,0.021107461,1.01364645e-14
875.0,275.0,175.0,basalt,0.0033364873,5.9751703e-15
875.0,325.0,25.0,unknown,0.0,0.0
875.0,325.0,75.0,unknown,0.0,0.0
875.0,325.0,125.0,basalt,0.00088411476,1.5833227e-15
875.0,325.0,175.0,basalt,0.002061502,3.6918545e-15
875.0,375.0,25.0,unknown,0.0,0.0
875.0,375.0,75.0,unknown,0.0,0.0
875.0,375.0,125.0,unknown,0.0,0.0
875.0,375.0,175.0,unknown,0.0,0.0
875.0,425.0,25.0,unknown,0.0,0.0
875.0,425.0,75.0,unknown,0.0,0.0
875.0,425.0,125.0,granite,0.0019441572,1.6859866e-18
875.0,425.0,175.0,granite,0.0012230432,1.0606316e-18
875.0,475.0,25.0,unknown,0.0,0.0
875.0,475.0,75.0,unknown,0.0,0.0
875.0,475.0,125.0,granite,0.0031715352,2.7503774e-18
875.0,475.0,175.0,granite,0.0019951703,1.7302256e-18
875.0,525.0,25.0,unknown,0.0,0.0
875.0,525.0,75.0,unknown,0.0,0.0
875.0,525.0,125.0,unknown,0.0,0.0
875.0,525.0,175.0,unknown,0.0,0.0
875.0,575.0,25.0,unknown,0.0,0.0
875.0,575.0,75.0,unknown,0.0,0.0
875.0,575.0,125.0,unknown,0.0,0.0
875.0,575.0,175.0,unknown,0.0,0.0
875.0,625.0,25.0,unknown,0.0,0.0
875.0,625.0,75.0,unknown,0.0,0.0
875.0,625.0,125.0,unknown,0.0,0.0
875.0,625.0,175.0,sandstone,0.01957159,2.653775e-12
875.0,675.0,25.0,unknown,0.0,0.0
875.0,675.0,75.0,unknown,0.0,0.0
875.0,675.0,125.0,unknown,0.0,0.0
875.0,675.0,175.0,sandstone,0.049722843,6.7420804e-12
875.0,725.0,25.0,unknown,0.0,0.0
875.0,725.0,75.0,unknown,0.0,0.0
875.0,725.0,125.0,unknown,0.0,0.0
875.0,725.0,175.0,unknown,0.0,0.0
875.0,775.0,25.0,unknown,0.0,0.0
875.0,775.0,75.0,unknown,0.0,0.0
875.0,775.0,125.0,sandstone,0.01522121,4.1651621e-13
875.0,775.0,175.0,sandstone,0.10587716,2.8972436e-12
875.0,825.0,25.0,unknown,0.0,0.0
875.0,825.0,75.0,basalt,0.0007254781,1.5926301e-16
875.0,825.0,125.0,basalt,0.022849832,5.0161863e-15
875.0,825.0,175.0,unknown,0.0,0.0
875.0,875.0,25.0,unknown,0.0,0.0
875.0,875.0,75.0,basalt,0.00084400835,1.8528377e-16
875.0,875.0,125.0,basalt,0.02658309,5.8357423e-15
875.0,875.0,175.0,unknown,0.0,0.0
875.0,925.0,25.0,granite,0.0094905,2.4620627e-17
875.0,925.0,75.0,unknown,0.0,0.0
875.0,925.0,125.0,unknown,0.0,0.0
875.0,925.0,175.0,unknown,0.0,0.0
875.0,975.0,25.0,unknown,0.0,0.0
875.0,975.0,75.0,unknown,0.0,0.0
875.0,975.0,125.0,unknown,0.0,0.0
875.0,975.0,175.0,unknown,0.0,0.0
925.0,25.0,25.0,unknown,0.0,0.0
925.0,25.0,75.0,unknown,0.0,0.0
925.0,25.0,125.0,unknown,0.0,0.0
925.0,25.0,175.0,unknown,0.0,0.0
925.0,75.0,25.0,unknown,0.0,0.0
925.0,75.0,75.0,unknown,0.0,0.0
925.0,75.0,125.0,unknown,0.0,0.0
925.0,75.0,175.0,unknown,0.0,0.0
925.0,125.0,25.0,basalt,0.007447383,9.363836e-15
925.0,125.0,75.0,basalt,0.013123316,1.650037e-14
925.0,125.0,125.0,unknown,0.0,0.0
925.0,125.0,175.0,unknown,0.0,0.0
925.0,175.0,25.0,basalt,0.00049241976,6.191353e-16
925.0,175.0,75.0,basalt,0.0008677115,1.0910017e-15
925.0,175.0,125.0,unknown,0.0,0.0
925.0,175.0,175.0,unknown,0.0,0.0
925.0,225.0,25.0,limestone,0.003834727,6.452334e-14
925.0,225.0,75.0,limestone,0.0003987349,6.7091366e-15
925.0,225.0,125.0,unknown,0.0,0.0
925.0,225.0,175.0,unknown,0.0,0.0
925.0,275.0,25.0,limestone,0.028750913,4.8376456e-13
925.0,275.0,75.0,limestone,0.0029895199,5.0301834e-14
925.0,275.0,125.0,basalt,0.005680495,1.0172951e-14
925.0,275.0,175.0,basalt,0.0132452855,2.3720406e-14
925.0,325.0,25.0,unknown,0.0,0.0
925.0,325.0,75.0,unknown,0.0,0.0
925.0,325.0,125.0,limestone,0.029859537,6.325254e-14
925.0,325.0,175.0,basalt,0.008183812,1.4656033e-14
925.0,375.0,25.0,unknown,0.0,0.0
925.0,375.0,75.0,unknown,0.0,0.0
925.0,375.0,125.0,limestone,0.059683137,1.3613854e-13
925.0,375.0,175.0,unknown,0.0,0.0
925.0,425.0,25.0,unknown,0.0,0.0
925.0,425.0,75.0,unknown,0.0,0.0
925.0,425.0,125.0,limestone,0.0012294726,2.8044539e-15
925.0,425.0,175.0,unknown,0.0,0.0
925.0,475.0,25.0,granite,0.00069610035,8.86708e-19
925.0,475.0,75.0,unknown,0.0,0.0
925.0,475.0,125.0,unknown,0.0,0.0
925.0,475.0,175.0,unknown,0.0,0.0
925.0,525.0,25.0,granite,0.0027478905,3.500324e-18
925.0,525.0,75.0,unknown,0.0,0.0
925.0,525.0,125.0,unknown,0.0,0.0
925.0,525.0,175.0,unknown,0.0,0.0
925.0,575.0,25.0,unknown,0.0,0.0
925.0,575.0,75.0,limestone,0.014606037,5.485074e-13
925.0,575.0,125.0,granite,0.033021025,6.9124605e-13
925.0,575.0,175.0,granite,0.0057903915,5.6012353e-18
925.0,625.0,25.0,unknown,0.0,0.0
925.0,625.0,75.0,limestone,0.041225053,1.548144e-12
925.0,625.0,125.0,limestone,0.0911346,3.1103755e-12
925.0,625.0,175.0,granite,0.022415467,6.4063316e-13
925.0,675.0,25.0,unknown,0.0,0.0
925.0,675.0,75.0,limestone,0.01625504,6.1043315e-13
925.0,675.0,125.0,limestone,0.048701808,1.828922e-12
925.0,675.0,175.0,sandstone,0.040191226,5.4496577e-12
925.0,725.0,25.0,unknown,0.0,0.0
925.0,725.0,75.0,unknown,0.0,0.0
925.0,725.0,125.0,unknown,0.0,0.0
925.0,725.0,175.0,unknown,0.0,0.0
925.0,775.0,25.0,unknown,0.0,0.0
925.0,775.0,75.0,unknown,0.0,0.0
925.0,775.0,125.0,sandstone,0.009181433,2.5124258e-13
925.0,775.0,175.0,sandstone,0.0638651,1.7476174e-12
925.0,825.0,25.0,unknown,0.0,0.0
925.0,825.0,75.0,basalt,0.00094228267,2.0685777e-16
925.0,825.0,125.0,basalt,0.029678361,6.5152423e-15
925.0,825.0,175.0,unknown,0.0,0.0
925.0,875.0,25.0,unknown,0.0,0.0
925.0,875.0,75.0,basalt,0.001096235,2.4065466e-16
925.0,875.0,125.0,basalt,0.03452728,7.5797175e-15
925.0,875.0,175.0,unknown,0.0,0.0
925.0,925.0,25.0,unknown,0.0,0.0
925.0,925.0,75.0,unknown,0.0,0.0
925.0,925.0,125.0,unknown,0.0,0.0
925.0,925.0,175.0,unknown,0.0,0.0
925.0,975.0,25.0,unknown,0.0,0.0
925.0,975.0,75.0,unknown,0.0,0.0
925.0,975.0,125.0,unknown,0.0,0.0
925.0,975.0,175.0,unknown,0.0,0.0
975.0,25.0,25.0,unknown,0.0,0.0
975.0,25.0,75.0,unknown,0.0,0.0
975.0,25.0,125.0,unknown,0.0,0.0
975.0,25.0,175.0,unknown,0.0,0.0
975.0,75.0,25.0,unknown,0.0,0.0
975.0,75.0,75.0,unknown,0.0,0.0
975.0,75.0,125.0,unknown,0.0,0.0
975.0,75.0,175.0,unknown,0.0,0.0
975.0,125.0,25.0,unknown,0.0,0.0
975.0,125.0,75.0,unknown,0.0,0.0
975.0,125.0,125.0,unknown,0.0,0.0
975.0,125.0,175.0,unknown,0.0,0.0
975.0,175.0,25.0,unknown,0.0,0.0
975.0,175.0,75.0,unknown,0.0,0.0
975.0,175.0,125.0,unknown,0.0,0.0
975.0,175.0,175.0,unknown,0.0,0.0
975.0,225.0,25.0,unknown,0.0,0.0
975.0,225.0,75.0,unknown,0.0,0.0
975.0,225.0,125.0,unknown,0.0,0.0
975.0,225.0,175.0,unknown,0.0,0.0
975.0,275.0,25.0,unknown,0.0,0.0
975.0,275.0,75.0,unknown,0.0,0.0
975.0,275.0,125.0,basalt,5.1692503e-05,9.257386e-17
975.0,275.0,175.0,basalt,0.000120532095,2.1585569e-16
975.0,325.0,25.0,unknown,0.0,0.0
975.0,325.0,75.0,unknown,0.0,0.0
975.0,325.0,125.0,limestone,0.025154565,5.732219e-14
975.0,325.0,175.0,basalt,7.4472686e-05,1.3336989e-16
975.0,375.0,25.0,unknown,0.0,0.0
975.0,375.0,75.0,unknown,0.0,0.0
975.0,375.0,125.0,limestone,0.059452087,1.356115e-13
975.0,375.0,175.0,unknown,0.0,0.0
975.0,425.0,25.0,unknown,0.0,0.0
975.0,425.0,75.0,unknown,0.0,0.0
975.0,425.0,125.0,limestone,0.0012247129,2.793597e-15
975.0,425.0,175.0,unknown,0.0,0.0
975.0,475.0,25.0,granite,0.0004769805,6.075883e-19
975.0,475.0,75.0,unknown,0.0,0.0
975.0,475.0,125.0,unknown,0.0,0.0
975.0,475.0,175.0,unknown,0.0,0.0
975.0,525.0,25.0,granite,0.0018829041,2.3984848e-18
975.0,525.0,75.0,unknown,0.0,0.0
975.0,525.0,125.0,unknown,0.0,0.0
975.0,525.0,175.0,unknown,0.0,0.0
975.0,575.0,25.0,unknown,0.0,0.0
975.0,575.0,75.0,limestone,0.0087218145,3.2753444e-13
975.0,575.0,125.0,limestone,0.025744481,5.628513e-13
975.0,575.0,175.0,granite,0.0018663582,1.8053893e-18
975.0,625.0,25.0,unknown,0.0,0.0
975.0,625.0,75.0,limestone,0.024617033,9.244551e-13
975.0,625.0,125.0,limestone,0.06358326,2.1892382e-12
975.0,625.0,175.0,granite,0.0018787195,1.8173468e-18
975.0,675.0,25.0,unknown,0.0,0.0
975.0,675.0,75.0,limestone,0.009706496,3.6451265e-13
975.0,675.0,125.0,limestone,0.029081684,1.0921181e-12
975.0,675.0,175.0,unknown,0.0,0.0
975.0,725.0,25.0,unknown,0.0,0.0
975.0,725.0,75.0,unknown,0.0,0.0
975.0,725.0,125.0,unknown,0.0,0.0
975.0,725.0,175.0,unknown,0.0,0.0
975.0,775.0,25.0,unknown,0.0,0.0
975.0,775.0,75.0,unknown,0.0,0.0
975.0,775.0,125.0,unknown,0.0,0.0
975.0,775.0,175.0,unknown,0.0,0.0
975.0,825.0,25.0,unknown,0.0,0.0
975.0,825.0,75.0,unknown,0.0,0.0
975.0,825.0,125.0,unknown,0.0,0.0
975.0,825.0,175.0,unknown,0.0,0.0
975.0,875.0,25.0,unknown,0.0,0.0
975.0,875.0,75.0,unknown,0.0,0.0
975.0,875.0,125.0,unknown,0.0,0.0
975.0,875.0,175.0,unknown,0.0,0.0
975.0,925.0,25.0,unknown,0.0,0.0
975.0,925.0,75.0,unknown,0.0,0.0
975.0,925.0,125.0,unknown,0.0,0.0
975.0,925.0,175.0,unknown,0.0,0.0
975.0,975.0,25.0,unknown,0.0,0.0
975.0,975.0,75.0,unknown,0.0,0.0
975.0,975.0,125.0,unknown,0.0,0.0
975.0,975.0,175.0,unknown,0.0,0.0
